"id","site_name","lon","lat","country_id","vivax_id","district"
"1","","0.0","0.0","null","null","null"
"2","Jalalabad","70.4478","34.4342","1","null","null"
"3","Jalalabad, Asadabad, Maimaneh, Taloqan","70.4478","34.4342","1","null","null"
"4","Nangahar","70.6217","34.1718","1","null","null"
"5","","13.2344","-8.83833","7","null","null"
"6","Dande","13.73","-8.49","7","null","null"
"7","Luanda","13.2344","-8.83833","7","null","null"
"8","Uige Provincial Hospital","15.0506","-7.61383","7","null","null"
"9","Bandarban","92.2167","22.2","19","null","null"
"10","Bandarban District","92.3814","21.7444","19","null","null"
"11","Dighinala upazilla, Baghaichara, Pujgang, Panchari upazilla","92.0665","23.2409","19","null","null"
"12","Rangamati","92.1688","22.6581","19","null","null"
"13","","2.62885","6.49686","24","null","null"
"14","Allada, Sekou","2.15976","6.66446","24","null","null"
"15","Littoral, Ouémé","2.44417","6.35306","24","null","null"
"16","Ouidah","2.08333","6.36667","24","null","null"
"17","Parakou","2.61667","9.35","24","null","null"
"18","Amazon basin","-62.6221","-3.68885","32","null","null"
"19","Amazon region","-55.1242","-2.04091","32","null","null"
"20","Itaituba","-55.9866","-4.26098","32","null","null"
"21","Manaus","-60.0217","-3.11903","32","null","null"
"22","Paragominas","-47.3531","-3.00249","32","null","null"
"23","Peixoto de Azevedo, Apiacás","-54.992","-10.2439","32","null","null"
"24","Porto Velho","-63.9039","-8.76194","32","null","null"
"25","Porto Velho","-63.9004","-8.76116","32","null","null"
"26","Rondônia, Marabá","-49.129","-5.391","32","null","null"
"27","Tabatinga","-69.9369","-4.23146","32","null","null"
"28","Tailândia","-48.952","-2.935","32","null","null"
"29","Tucurui","-49.6778","-3.76608","32","null","null"
"30","Bazoulé, Donsin, Bendogo, Zabré and Pabré","12.35","12.35","36","null","Bazoulé, Donsin, Bendogo, Zabré and Pabré"
"31","Bobo Dioulasso","-4.29177","11.1781","36","null","null"
"32","Bobo-Dioulasso","-4.29177","11.1781","36","null","null"
"33","Bourasso","-3.71667","12.6333","36","null","null"
"34","Bourasso, Bagala, Boron","-3.71667","12.6333","36","null","null"
"35","Nouna","-3.86667","12.7333","36","null","null"
"36","Satiri, Balla, Kadomba","-4.03778","11.4347","36","null","null"
"37","Ziniaré, Boussé","-1.3","12.5822","36","null","null"
"38","","29.3667","-3.38333","37","null","null"
"39","Battambang","103.204","13.0957","38","null","null"
"40","Chumkiri","104.426","10.9503","38","null","null"
"41","Chumkiri District","104.426","10.9503","38","null","null"
"42","Kampong Seila","103.961","11.1489","38","null","null"
"43","Kampong Speu","104.379","11.6155","38","null","null"
"44","Memut","106.183","11.8269","38","null","null"
"45","Pailin","102.668","12.9093","38","null","null"
"46","Pailin, Kampong Seila, Chumkiri, Memut, Rattanakiri","102.668","12.819","38","null","null"
"47","Preah Vihear","104.845","14.0086","38","null","null"
"48","Preah Vihear","104.845","14.0086","38","null","null"
"49","Pursat","103.917","12.5333","38","null","null"
"50","Pursat","103.917","12.5333","38","null","null"
"51","Ratanakiri","106.984","13.7318","38","null","null"
"52","Ratanakiri","106.984","13.7318","38","null","null"
"53","Sampovloum","102.527","13.064","38","null","null"
"54","Sampovloum, Samlot, Anlong Veng, Kampong Speu, Rattanakiri,Snoul","102.527","13.064","38","null","null"
"55","Veal Veng","103.482","12.3252","38","null","null"
"56","Veal Veng, Sampovloun","103.482","12.3252","38","null","null"
"57","","11.5167","3.86667","39","null","null"
"58","Garoua","13.4","9.3","39","null","null"
"59","Mfou","11.9333","3.96667","39","null","null"
"60","Mutengene","9.3146","4.08925","39","null","null"
"61","Yaoundé","11.5167","3.86667","39","null","null"
"62","Yaoundé, Douala, Ebolowa, Kyeossi, Bertoua","11.5167","3.86667","39","null","null"
"63","","18.5833","4.36667","43","null","null"
"64","Bangui","18.5833","4.36667","43","null","null"
"65","","15.0557","12.1348","44","null","null"
"66","Dehong and Baoshan Prefectures, Yunnan","102.71","25.0458","46","null","null"
"67","Hainan","110.349","20.0174","46","null","null"
"68","Hainan Island","110.349","20.0174","46","null","null"
"69","Yingjiang","97.932","24.7052","46","null","null"
"70","Yunnan","102.71","25.0458","46","null","null"
"71","","-74.0758","4.59806","49","null","null"
"72","Baja Cauca","-73.278","3.99761","49","null","null"
"73","El Bagre","-74.8119","7.59417","49","null","null"
"74","Multiple","-74.0758","4.59806","49","null","null"
"75","Nothern Pacific","-74.0758","4.59806","49","null","null"
"76","Tumaco","-78.7647","1.80667","49","null","null"
"77","Turbo","-76.7324","8.09511","49","null","null"
"78","Turbo, El Bagre, Zaragoza","-76.7324","8.09511","49","null","null"
"79","Turbo, Necocli, El Bagre, Zaragoza","-76.7324","8.09511","49","null","null"
"80","","43.2473","-11.7172","50","null","null"
"81","Moroni","43.2473","-11.7172","50","null","null"
"82","Moroni, Foumbouni, Fomboni, Wanani, Domoni, Pomoni","43.2473","-11.7172","50","null","null"
"83","","15.2833","-4.26667","51","null","null"
"84","Brazzaville","15.2833","-4.26667","51","null","null"
"85","Pointe-Noire","11.8664","-4.76916","51","null","null"
"86","","-4.03333","5.31667","55","null","null"
"87","Bonoua","-3.59392","5.27118","55","null","null"
"88","Samo","-3.51786","5.28725","55","null","null"
"89","","15.3139","-4.33167","52","null","null"
"90","Kinshasa","15.3139","-4.33167","52","null","null"
"91","Multiple","15.3139","-4.33167","52","null","null"
"92","Sao Tomé","6.73334","0.330192","194","null","null"
"93","Dili, Suai","125.567","-8.55","222","null","null"
"94","Dili, Suai, Liquiça, Same, Viqueque, Lospalos","125.567","-8.55","222","null","null"
"95","Lautem","126.904","-8.36423","222","null","null"
"96","","8.767","3.73203","68","null","null"
"97","Bioko Island","8.74812","3.61983","68","null","null"
"98","Miyobo","10.1739","1.74579","68","null","null"
"99","Ngonamanga","9.78368","2.04405","68","null","null"
"100","Dilla","38.3083","6.40833","71","null","null"
"101","Jimma","36.8384","7.67848","71","null","null"
"102","Omo Nada, Bala Wajo, Arba Minch, Harar","42.1227","9.31256","71","null","null"
"103","Shalla district","38.3629","7.29283","71","null","null"
"104","","-52.3269","4.9227","77","null","null"
"105","","9.4544","0.3901","80","null","null"
"106","Franceville","13.5833","-1.63333","80","null","null"
"107","Franceville","13.5833","-1.63333","80","null","null"
"108","Lambaréné","10.2404","-0.701546","80","null","null"
"109","Lamberéné","10.2404","-0.701546","80","null","null"
"110","","-0.2","5.55","84","null","null"
"111","Accra","-0.2","5.55","84","null","null"
"112","Agogo","-1.08489","6.80194","84","null","null"
"113","Ashanti","-1.52086","6.74704","84","null","null"
"114","Bekwai","-1.58333","6.45","84","null","null"
"115","Bekwai, Begoro,Hohoe, Sunyani, Tarkwa, Navrongo, Wa, Yendi, Cape-Coast","-1.58333","6.45","84","null","null"
"116","Brong-Ahafo","-1.67607","7.95592","84","null","null"
"117","Cape Coast","-1.24723","5.10506","84","null","null"
"118","Central Ghana","-1.05861","5.56078","84","null","null"
"119","Hohoe","0.46","7.15","84","null","null"
"120","Kumasi","-1.62197","6.68712","84","null","null"
"121","Navrongo","-1.1","10.9","84","null","null"
"122","Navrongo","-1.09028","10.8847","84","null","null"
"123","Nyanyano, Okyereko, Buduatta,  Apam, Kasoa, Achimota and Maamobi","-0.417994","5.48564","84","null","null"
"124","Sunyani","-2.33333","7.33333","84","null","null"
"125","Sunyani","-2.333","7.333","84","null","null"
"126","Tamale","-0.853333","9.4075","84","null","null"
"127","Tamale Teaching Hospital","-0.823481","9.39301","84","null","null"
"128","Tarkwa","-1.983","5.3","84","null","null"
"129","Volta","0.450237","6.57814","84","null","null"
"130","Western Ghana","-2.14502","5.3902","84","null","null"
"131","Winneba","-0.62284","5.33871","84","null","null"
"132","Yendi","-0.01667","9.4333","84","null","null"
"133","","-13.5784","9.64119","93","null","null"
"134","","-15.6","11.8667","94","null","null"
"135","Bissau","-15.6178","11.8817","94","null","null"
"136","Bissau","-15.6","11.8667","94","null","null"
"137","Bissau","-15.5958","11.8511","94","null","null"
"138","Nhacra, Pefin","-15.5386","11.9608","94","null","null"
"139","Nhacra, Placc","-15.5386","11.9608","94","null","null"
"140","Georgetown","-58.1613","6.80855","95","null","null"
"141","Multiple","-58.1667","6.8","95","null","null"
"142","","-72.3333","18.5333","96","null","null"
"143","Artibonite","-72.4258","19.3629","96","null","null"
"144","Artibonite Valley","-72.4258","19.3629","96","null","null"
"145","Cap Haitian","-72.195","19.7328","96","null","null"
"146","L'Cay Jacmel","-72.5333","18.2333","96","null","null"
"147","Leogane","-72.6339","18.5108","96","null","null"
"148","Multiple","-72.3333","18.5333","96","null","null"
"149","Multiple sites","-72.3333","18.5333","96","null","null"
"150","Nippes","-73.383","18.3991","96","null","null"
"151","Port-au-Prince","-72.3333","18.5333","96","null","null"
"152","","-87.2167","14.0833","99","null","null"
"153","Puerto Lempira","-83.7806","15.2574","99","null","null"
"154","Puerto Lempira","-83.7806","15.2574","99","null","null"
"155","Tegucigalpa, Trujillo, La Ceiba, Puerto Lempira, Iriona and Juticalpa","-87.2167","14.0833","99","null","null"
"156","Angara","81.9344","16.769","103","null","null"
"157","Asom","92.9376","26.2006","103","null","null"
"158","Assam","90.8","25.7667","103","null","null"
"159","Assam","92.9376","26.2006","103","null","null"
"160","Bajag PHC of Dindori district","81.0755","22.8457","103","null","null"
"161","Belonia","91.45","23.25","103","null","null"
"162","Bisra","84.9959","22.2507","103","null","null"
"163","Bundwan","86.5","22.7833","103","null","null"
"164","Car Nicobar","92.7581","9.15732","103","null","null"
"165","Chhattisgarh","80.8","20.1","103","null","null"
"166","Delhi, Uttar Pradesh, Madhya Pradesh, Assam","77.55","28.5667","103","null","null"
"167","Ghaziabad district","77.4538","28.6692","103","null","null"
"168","Goa","74.124","15.2993","103","null","null"
"169","Goa, Assam, Uttar Pradesh","74.124","15.2993","103","null","null"
"170","Gujarat","73.55","22.95","103","null","null"
"171","Hailakandi","92.5638","24.6811","103","null","null"
"172","Jaldega","84.8112","22.5677","103","null","null"
"173","Jalpaiguri District","89.0179","26.6991","103","null","null"
"174","Jangalmahal","87.4034","23.066","103","null","null"
"175","Jharkhand","84.0","20.1667","103","null","null"
"176","Kuarmunda","84.7583","22.2737","103","null","null"
"177","Madhya Pradesh","78.6569","22.9734","103","null","null"
"178","Maharashtra","75.7139","19.7515","103","null","null"
"179","Maharasthtra","75.7139","19.7515","103","null","null"
"180","Maharastra","80.0","20.1","103","null","null"
"181","Maihar, Jabalpur","80.7667","24.2667","103","null","null"
"182","Nicobar, Andaman","77.225","28.6353","103","null","null"
"183","North Lakhimpur","94.1056","27.2414","103","null","null"
"184","Odisha","85.0985","20.9517","103","null","null"
"185","Orissa","83.5333","21.5833","103","null","null"
"186","Panaji","73.818","15.493","103","null","null"
"187","Panaji, Sonapur, Ghaziabad","73.818","15.493","103","null","null"
"188","Purulia","86.3652","23.3321","103","null","null"
"189","Rajasthan","73.6833","24.5833","103","null","null"
"190","Rishabdev","73.6919","24.0781","103","null","null"
"191","Sundergarh","83.5333","21.5833","103","null","null"
"192","Sundergarh, Keonjhar, Mayurbhanj, Angul, Kandhamal, Rayagada, Kalahandi, Cuttack","83.5333","21.5833","103","null","null"
"193","Tamil Nadu","78.8667","9.36667","103","null","null"
"194","Ujjain district","75.5277","23.2756","103","null","null"
"195","Uttar Pradesh","77.55","28.5667","103","null","null"
"196","West Bengal","27.2","88.2667","103","null","null"
"197","","106.846","-6.20876","104","null","null"
"198","Armopa","139.6","-2.27754","104","null","null"
"199","Batulayar","116.077","-8.4984","104","null","null"
"200","Hanura","106.811","-6.15941","104","null","null"
"201","Kokap","110.105","-7.83994","104","null","null"
"202","Kutai","114.654","-8.36215","104","null","null"
"203","Nias","97.5247","1.12553","104","null","null"
"204","Nias archipelago","97.5247","1.12553","104","null","null"
"205","Nias Island","97.5247","1.12553","104","null","null"
"206","Purworejo","110.033","-7.74037","104","null","null"
"207","Sabang Municipality","95.3078","5.825","104","null","null"
"208","Sumba","119.974","-9.69934","104","null","null"
"209","","51.4231","35.6961","105","null","null"
"210","Chabahar","60.6431","25.2919","105","null","null"
"211","Chabahar City","60.6431","25.2919","105","null","null"
"212","Chabahar district","60.6431","25.2919","105","null","null"
"213","Sarbaz","61.2564","26.6308","105","null","null"
"214","Sistan and Baluchistan provinces","60.8564","29.5142","105","null","null"
"215","Sistan-Baluchestan, Kerman, Hormozgan","60.8564","29.5142","105","null","null"
"216","","36.8219","-1.29207","116","null","null"
"217","Asembo","34.3833","-0.183333","116","null","null"
"218","Bondo","34.2744","-0.09978","116","null","null"
"219","Chemelil","35.1333","-0.0833333","116","null","null"
"220","Iguhu","34.7562","0.164699","116","null","null"
"221","Kabobo, Kanyawegi","35.2575","0.465231","116","null","null"
"222","Kakamega","34.7519","0.282731","116","null","null"
"223","Kilifi","39.85","-3.63333","116","null","null"
"225","Kisian","34.6663","-0.0748716","116","null","null"
"226","Kisii","34.772","-0.678306","116","null","null"
"227","Kisumu","34.768","-0.091702","116","null","null"
"228","Kisumu","34.768","-0.0917016","116","null","null"
"229","Kisumu, Kisii, and Kericho District Hospitals, and Chulaimbo Sub-District Hospital","34.768","-0.0917016","116","null","null"
"230","Kisumu, Kisii, Kericho","34.768","-0.0917016","116","null","null"
"231","Kombewa","34.55","-0.0428065","116","null","null"
"232","Mbita","34.206","-0.436792","116","null","null"
"233","Miwani","34.9768","-0.0602319","116","null","null"
"234","Siaya district","34.2422","-0.0617328","116","null","null"
"235","Tiwi","39.5833","-4.23333","116","null","null"
"236","","102.6","17.9667","122","null","null"
"237","Attapeu Province","107.101","14.9363","122","null","null"
"238","Central: Borikhamxay, Khammouane","104.472","18.4363","122","null","null"
"239","Luang Namtha","101.4","20.95","122","null","null"
"240","Napong Village","105.808","15.6312","122","null","null"
"241","North: Bokeo, Huaphanh, Luangphrabang, Luangnamtha, Phongsaly, Oudomxay, Vientiane, Xiengkhuang and ","100.71","20.2873","122","null","null"
"242","Savannakhet Province","105.594","16.5065","122","null","null"
"243","South: Savannakhet, Attapeu, Champassack, Saravane, Sekong","105.594","16.5065","122","null","null"
"244","Vang Vieng","102.448","18.9235","122","null","null"
"245","Vang Vieng District","102.448","18.9235","122","null","null"
"246","","-10.8014","6.31333","126","null","null"
"247","Harper","-7.70094","4.37597","126","null","null"
"248","","47.5167","-18.9333","133","null","null"
"249","Andapa","49.65","-14.65","133","null","null"
"250","central east (Toamasina, Moramanga, Betsizaraina)","49.4167","-18.15","133","null","null"
"251","central west (Tsiroanomandidy, Ampasimpotsy, Miandrivazo, Moron- dava)","46.05","-18.7698","133","null","null"
"252","Ejeda, Ihosy, Maevatanana, Mian- drivazo, Tsiroanomandidy, Moramanga, Farafangana and Andapa","49.65","-14.65","133","null","null"
"253","Ihosy, Maevatanana, Miandrivazo, Tsiroanomandidy, Saharevo, and Moramanga","46.1258","-22.4036","133","null","null"
"254","Mahajanga","46.3167","-15.7167","133","null","null"
"255","Multisite","47.5167","-18.9333","133","null","null"
"256","northeast (Antsiranana, Andapa)","49.65","-14.65","133","null","null"
"257","northwest (Antsohihy, Analalava, Mahajunga, Maevatanana)","47.9835","-14.8762","133","null","null"
"258","Saharevo","47.3333","-21.8167","133","null","null"
"259","Sainte Marie","46.9667","-16.1333","133","null","null"
"260","southeast (Tolanaro, Farafangana, Manakara)","46.9833","-25.0333","133","null","null"
"261","southwest (Ihosy, Iakora, Toliara, Ejeda)","46.1258","-22.4036","133","null","null"
"262","Toamasina","49.4167","-18.15","133","null","null"
"263","Tsiroanomandidy","46.05","-18.7698","133","null","null"
"264","Blantyre","35.0058","-15.7861","134","null","null"
"265","Blantyre, Lilongwe,Mwanza, Chiradzulu, Phalombe, Nkhotakota, Rumphi, Karonga","35.0058","-15.7861","134","null","null"
"266","Mpemba, Madziabango","34.9663","-15.8877","134","null","null"
"267","Ndirande","35.0416","-15.7697","134","null","null"
"268","Keningau","116.157","5.3374","135","null","null"
"269","Kota Kinabalu","116.073","5.98041","135","null","null"
"270","Kudat","116.825","6.88684","135","null","null"
"271","Lundu","109.854","1.67276","135","null","null"
"272","Pahang","102.438","3.97434","135","null","null"
"273","","-8.0","12.65","137","null","null"
"274","Bougoula-Hameau","-6.91667","10.7833","137","null","null"
"275","Fana","-6.94731","12.7872","137","null","null"
"276","Kangaba, Kela","-8.45","11.8833","137","null","null"
"277","Kidal","1.40833","18.4389","137","null","null"
"278","Mopti, Bandiagara","-3.61111","14.35","137","null","null"
"279","Multiple sites","-8.0","12.65","137","null","null"
"280","","-15.95","18.1","141","null","null"
"281","Hodh El Gharbi","-9.5451","16.6912","141","null","null"
"282","","32.5833","-25.9667","152","null","null"
"283","Gaza Province","32.7181","-23.0222","152","null","null"
"284","Linga Linga","35.4042","-23.717","152","null","null"
"285","Linga Linga, Furvela","35.4042","-23.717","152","null","null"
"286","Maciana","32.4969","-24.6983","152","null","null"
"287","Maputo","32.5833","-25.9667","152","null","null"
"288","","96.15","16.8","153","null","null"
"289","Chin State","93.5813","22.3897","153","null","null"
"290","Kachin State","97.4381","25.8509","153","null","null"
"291","Karen State","97.9593","16.9459","153","null","null"
"292","Laiza","97.5633","24.76","153","null","null"
"293","Lazan City","97.5558","24.7892","153","null","null"
"294","Jhapa, Banke","87.7634","26.6971","156","null","null"
"295","","2.10528","13.5214","161","null","null"
"296","Banizoumbou, Zindarou","2.15026","13.5673","161","null","null"
"297","Gaya","3.44667","11.8878","161","null","null"
"298","Niamey","2.10528","13.5214","161","null","null"
"299","","7.48333","9.06667","162","null","null"
"300","Abanla","3.84897","9.13741","162","null","null"
"301","Benin City","5.6145","6.3176","162","null","null"
"302","Ibadan","3.91667","7.39639","162","null","null"
"303","Lafia","8.51667","8.49167","162","null","null"
"304","Osogbo","4.56122","7.76581","162","null","null"
"305","Adizai","71.5744","33.7819","168","null","null"
"306","Baluchistan","65.0958","28.4907","168","null","null"
"307","Bannu","70.3667","32.7167","168","null","null"
"308","Karachi","67.0099","24.8615","168","null","null"
"309","Multiple","73.0931","33.7294","168","null","null"
"310","Sindh","68.5247","25.8943","168","null","null"
"311","","147.18","-9.4438","172","null","null"
"312","Dreikikir","142.77","-3.577","172","null","null"
"313","Dreikikir, Wosera, Liksul","142.77","-3.577","172","null","null"
"314","East Sepik Province","143.046","-4.31501","172","null","null"
"315","East Sepik Province, Madang","143.046","-4.31501","172","null","null"
"316","East Sepik Province, Madang Province, Simbu","143.046","-4.31501","172","null","null"
"317","Karimui","144.823","-4.45952","172","null","null"
"318","Karimui, South Wosera","144.823","-4.45952","172","null","null"
"319","Liksul","145.778","-5.2334","172","null","null"
"320","New Britain","150.258","-5.30445","172","null","null"
"321","North Coast Madang","145.776","-4.97847","172","null","null"
"322","South Wosera","143.218","-4.45952","172","null","null"
"323","South Wosera_x000d_
South Wosera","143.218","-4.45952","172","null","null"
"324","Wewak","143.647","-3.57953","172","null","null"
"325","Wewak District","143.647","-3.57953","172","null","null"
"326","Wosera","143.218","-4.45952","172","null","null"
"327","Caballococha","-70.5164","-3.90583","174","null","null"
"328","Iquitos","-73.0","-3.0","174","null","null"
"329","Loreto","-72.8333","-3.56667","174","null","null"
"330","Padre Cocha","-73.2787","-3.69828","174","null","null"
"331","","120.984","14.5995","175","null","null"
"332","Bagac","120.4","14.6","175","null","null"
"333","Conner","121.326","17.7982","175","null","null"
"334","Davao del Norte","125.653","7.56177","175","null","null"
"335","Dinalupiham","120.455","14.8781","175","null","null"
"336","Kabugao","121.183","18.0167","175","null","null"
"337","Kalinga","121.354","17.474","175","null","null"
"338","Mindanao","123.303","8.49613","175","null","null"
"339","Morong","121.239","14.5181","175","null","null"
"340","Palawan","118.736","9.83906","175","null","null"
"341","Palawan Island","118.736","9.83906","175","null","null"
"342","Tayabas","121.653","14.0364","175","null","null"
"343","Makélékélé","15.2136","-4.26892","52","null","null"
"344","Huye District","29.7181","-2.56041","184","null","null"
"345","Butare","29.7373","-2.60273","184","null","null"
"346","Aseer, Jazan","46.7167","24.6333","195","null","null"
"347","","-17.366","14.7645","196","null","null"
"348","Dakar","-17.366","14.7645","196","null","null"
"349","Dielmo","-16.4167","13.7167","196","null","null"
"350","Guediawaye","-17.376","14.7828","196","null","null"
"351","Mbour, Bambey, Fatick","-16.9667","14.4167","196","null","null"
"352","Mbour, Fatick, Bambey","-16.9667","14.4167","196","null","null"
"353","Pikine","-17.4","14.75","196","null","null"
"354","Tambacounda, Velingara, and Saraya","-13.6672","13.7689","196","null","null"
"355","Tambacounda, Velingara, Saraya","-13.6672","13.7689","196","null","null"
"356","Thiadiaye","-16.7","14.4167","196","null","null"
"357","Thiès","14.7667","14.7667","196","null","Thiès"
"358","","-13.2344","8.48444","199","null","null"
"359","","159.973","-9.44564","204","null","null"
"360","Malita Province","160.7","-8.76667","204","null","null"
"361","Temotu Province","166.062","-10.6869","204","null","null"
"362","Tetere","159.0","-8.0","204","null","null"
"363","","18.4241","-33.9249","206","null","null"
"364","Umkhanyakude Health District","31.9027","-28.6914","206","null","null"
"365","","31.579","4.84099","208","null","null"
"366","Akuem","30.4094","9.542","211","null","null"
"367","Asar","30.0874","16.0858","211","null","null"
"368","Asar village","25.3425","13.7204","211","null","null"
"369","Asar, Daraweesh, Abu Adam, New Halfa","30.0874","16.0858","211","null","null"
"370","Daraweesh","30.0874","16.0858","211","null","null"
"371","Elfau","34.0836","14.1122","211","null","null"
"372","Gadaref","35.3833","14.0333","211","null","null"
"373","Gedaref","35.3833","14.0333","211","null","null"
"374","Gedarif Hospital","35.388","14.0402","211","null","null"
"375","Gedarif State","35.3833","14.0333","211","null","null"
"376","Haj Yousif","32.639","15.6213","211","null","null"
"377","Kassala City","36.4","15.45","211","null","null"
"378","Limun village","30.178","11.184","211","null","null"
"379","Nuba Montains","30.1815","11.7455","211","null","null"
"380","Wad Medani","33.5203","14.3995","211","null","null"
"381","","-55.2038","5.85204","212","null","null"
"382","Multiple","-55.2038","5.85204","212","null","null"
"383","Sipaliwini, Brokopondo","-56.1338","2.0331","212","null","null"
"384","","31.1367","-26.3054","214","null","null"
"385","Simunye, Big Bend","31.9167","-26.2167","214","null","null"
"386","","39.2833","-6.8","220","null","null"
"387","Bagamoyo District","38.9067","-6.43725","220","null","null"
"388","Coastal Region (Kibiti-Rufiji)","38.9356","-7.7253","220","null","null"
"389","Coastal, Kibiti","38.9359","-7.72411","220","null","null"
"390","Fukayosi","38.6667","-6.4","220","null","null"
"391","Igombe health centre","32.9462","-2.41012","220","null","null"
"392","Iringa","35.69","-7.77","220","null","null"
"393","Kagera","31.6606","-1.84916","220","null","null"
"394","Kagera (Muleba district)","31.6606","-1.84916","220","null","null"
"395","Kaporo","33.8718","-9.7309","220","null","null"
"396","Kibaha District","38.9929","-6.78132","220","null","null"
"397","Kwamasimba","34.8539","-6.3069","220","null","null"
"398","Masasi","38.8","-10.717","220","null","null"
"399","Mbeya","33.45","-8.9","220","null","null"
"400","Mbeya (Kyela and Rungwe districts)","33.45","-8.9","220","null","null"
"401","Mbeya, Matema","33.45","-8.9","220","null","null"
"402","Mkokola","32.7953","-5.01667","220","null","null"
"403","Mkokola, Kwamasimba","32.7953","-5.01667","220","null","null"
"404","Mtwara","39.6227","-10.7528","220","null","null"
"405","Mtwara (Tandahimba and Mtwara-Urban)","39.6227","-10.7528","220","null","null"
"406","Muheza","38.7918","-5.17594","220","null","null"
"407","Mwanza","32.9","-2.5","220","null","null"
"408","Mwanza (Misungwi district)","32.9","-2.51667","220","null","null"
"409","Tanga","-5.38333","-5.38333","220","null","Muheza"
"410","Tanga (Bondo village)","38.5833","-5.38333","220","null","null"
"411","","98.6267","19.7139","221","null","null"
"412","","100.524","13.7279","221","null","null"
"413","Chantaburi","102.104","12.6113","221","null","null"
"414","Chumphon","99.18","10.493","221","null","null"
"415","Kanchanaburi","99.5328","14.0228","221","null","null"
"416","Kanchanaburi Province","99.5328","14.0228","221","null","null"
"417","Kanchanaburi, Tak, Ratchaburi, Ranong and Chantaburi Provinces","99.5328","14.0228","221","null","null"
"418","Mae Hongson","97.9656","19.2991","221","null","null"
"419","Mae Sot","98.5747","16.7124","221","null","null"
"420","Mae Sot","98.5747","16.7124","221","null","null"
"421","Mawker-Thai","98.5921","16.6126","221","null","null"
"422","Mawker-Thai","100.852","14.4846","221","null","null"
"423","Narathiwat","101.762","5.93281","221","null","null"
"424","Northwestern border","98.6267","19.7139","221","null","null"
"425","Northwestern border of Thailand","98.6267","19.7139","221","null","null"
"426","Ranong","98.6085","9.95287","221","null","null"
"427","Ranong, Chiengmai","98.6085","9.95287","221","null","null"
"428","Sangkhlaburi","98.4747","15.2656","221","null","null"
"429","Songkhla","100.595","7.18977","221","null","null"
"430","Tak","99.1258","16.884","221","null","null"
"431","Tak province","99.1258","16.884","221","null","null"
"432","Tak, Chanthaburi","99.1258","16.884","221","null","null"
"433","Tak, Kanchanaburi, Chonburi, Chantaburi, Trat","99.1258","16.884","221","null","null"
"434","Thai borders","100.524","13.7279","221","null","null"
"435","Thai-Cambodian border","102.512","13.7224","221","null","null"
"436","Thai-Myanmar border","98.6267","19.7139","221","null","null"
"437","Trad, Chantaburi","102.098","12.6094","221","null","null"
"438","Wang Pha","100.809","19.0924","221","null","null"
"439","WangPha","100.809","19.0924","221","null","null"
"440","Yala","101.28","6.54115","221","null","null"
"441","","-16.5775","13.4531","81","null","null"
"442","Farafenni","-15.6072","13.575","81","null","null"
"443","Farafenni Hospital","-15.6072","13.575","81","null","null"
"444","","1.2125","6.13778","223","null","null"
"445","Lira, Gulu","32.2941","2.77378","232","null","null"
"446","Apac","32.5333","1.98333","232","null","null"
"447","Arua","30.91","3.03","232","null","null"
"448","Iganga","33.0","0.616667","232","null","null"
"449","Jinja","33.2042","0.424444","232","null","null"
"450","Kabarole","30.2549","0.589668","232","null","null"
"451","Kampala","32.5811","0.313611","232","null","null"
"452","Kampala Wakiso","32.5833","0.316667","232","null","null"
"453","Kampala, Kakira","32.5811","0.313611","232","null","null"
"454","Kanungu","29.7426","-0.819525","232","null","null"
"455","Mubende","31.395","0.5575","232","null","null"
"456","Rukungiri","29.925","-0.79","232","null","null"
"457","Tororo","34.1811","0.692778","232","null","null"
"458","","168.327","-17.7333","240","null","null"
"459","Gaua Island, Pentecost Island","167.516","-14.281","240","null","null"
"460","Malo","167.099","-15.6494","240","null","null"
"461","Tafea Province","169.358","-19.5155","240","null","null"
"462","Ciudad Bolivar","-63.5536","8.08828","241","null","null"
"463","Sifontes","-61.1403","6.98121","241","null","null"
"464","Binh Phuoc","106.723","11.75","242","null","null"
"465","Binh Phuoc and Dak Nong provinces","106.723","11.7512","242","null","null"
"466","Dac Lac","108.238","12.71","242","null","null"
"467","Phu Rieng","106.899","11.6595","242","null","null"
"468","Phuoc Long","105.43","9.40067","242","null","null"
"469","Dhamar, Hodeidah, Taiz","44.2479","14.7195","247","null","null"
"470","Hodeidah","42.9511","14.8022","247","null","null"
"471","Taiz, Hodeidah, Rymah and Dhamar","44.2479","14.7195","247","null","null"
"472","","28.2833","-15.4167","248","null","null"
"473","Macha","26.783","-16.4235","248","null","null"
"474","","39.2026","-6.16592","220","null","null"
"475","Micheweni, Kivunge","39.2026","-6.16592","220","null","null"
"476","Micheweni, North A","39.2026","-6.16592","220","null","null"
"477","","31.0297","-17.8639","249","null","null"
"512","Mkuzi","38.3438","-4.75269","220","null","null"
"513","Msambweni","39.4807","-4.48017","116","null","null"
"514","Hajer","48.1014","14.7417","247","null","null"
"515","Al-Raydah–Qusyer","50.4689","15.1239","247","null","null"
"516","Lagos","3.38457","6.51941","162","null","null"
"518","Tumbes","-80.4242","-3.56058","174","null","null"
"519","Balombo","14.7762","-12.3537","7","null","null"
"523","Abobo","-4.02862","5.4268","55","null","null"
"524","Karemo","34.3186","0.043023","116","null","null"
"525","Gem","34.5382","0.08982","116","null","null"
"526","Tileibani","84.6054","21.546","103","null","null"
"527","Bampada","84.0863","19.3966","103","null","null"
"528","Ann, Rakhine State","94.0267","19.7693","153","null","null"
"529","Sagaing State","95.9397","21.9315","153","null","null"
"530","Myitkyina, Kachin State","97.3951","25.3868","153","null","null"
"531","Kyaukme, Shan State","97.0337","22.5411","153","null","null"
"532","Kayah State","97.13","19.4189","153","null","null"
"533","Siaya and Bondo District Hospitals","34.2847","0.057996","116","null","null"
"535","Nanoro","-2.18869","12.6842","36","null","null"
"536","Buntharik district hospital, Ubon Rachathani","105.411","14.7567","221","null","null"
"537","Muzaffargarh","71.1924","30.073","168","null","null"
"538","Esmeraldas city","-79.6492","0.976823","65","null","null"
"539","Karbi Anglong","92.9099","26.0487","103","null","null"
"540","Tinsukia","95.3445","27.4979","103","null","null"
"541","Lohit","96.1717","27.9242","103","null","null"
"542","Changlang","95.7384","27.1361","103","null","null"
"543","Central region","-1.27314","5.5662","84","null","null"
"544","Agordat, Barentu, Medefera","37.9131","15.5299","69","null","null"
"545","Pursat, Preah Vihear, Ratanakiri","103.624","12.4335","38","null","null"
"546","Apac, Mubende, Kanungu","31.3798","0.552923","232","null","null"
"547","Kolkata","88.3697","22.5697","103","null","null"
"548","Rattanakiri","107.101","13.8577","38","null","null"
"549","Siem Reap","103.845","13.3671","38","null","null"
"550","Stung Treng","105.97","13.5765","38","null","null"
"551","Mondulkiri","107.101","12.7879","38","null","null"
"552","Rattanakiri","107.101","13.8577","38","null","null"
"553","Addis Zemen","37.7796","12.1236","71","null","null"
"554","Aykel","37.0642","12.5482","71","null","null"
"555","Maksegnet","37.549","12.383","71","null","null"
"556","Sanja","36.75","13.3333","71","null","null"
"557","Negade Bahir","36.766","12.577","71","null","null"
"558","Phsar Prom","102.504","12.9314","38","null","null"
"559","Trapaing Kreal","104.177","10.5817","38","null","null"
"560","O-yadao","107.467","13.7667","38","null","null"
"561","Mitsoudje","43.2799","-11.812","50","null","null"
"562","Mitsamiouli","43.2934","-11.3888","50","null","null"
"563","Moroni","43.2473","-11.7172","50","null","null"
"564","Barentu","37.5907","15.1075","69","null","null"
"565","Agordat","37.8778","15.5407","69","null","null"
"566","Medefera","38.8101","14.8726","69","null","null"
"567","Wa State","99.1705","22.1792","153","null","null"
"568","clinics of the Shoklo Malaria Research Unit (SMRU)","98.5568","16.7077","221","null","null"
"569","Phnom Dambang","102.747","12.7","38","null","null"
"570","Krachap Leu","102.741","12.766","38","null","null"
"571","Kunar Province","70.5678","35.0077","1","null","null"
"572","Porto-Novo","2.62885","6.49686","24","null","null"
"573","Ouagadougou","-1.51966","12.3714","36","null","null"
"574","Banjul","-16.5893","13.4525","81","null","null"
"575","Conakry","-13.7916","9.60222","93","null","null"
"576","Yamoussoukro","-5.35118","6.81623","55","null","null"
"577","Monrovia","-10.8046","6.29582","126","null","null"
"578","Bamako","-8.1356","12.6129","137","null","null"
"579","Nouakchott","-16.1996","18.1481","141","null","null"
"580","Tambacound","-14.4722","13.8642","196","null","null"
"581","Freetown","-13.2937","8.45456","199","null","null"
"582","Lome","1.17665","6.18249","223","null","null"
"583","D'Djamena","15.0282","12.1292","44","null","null"
"584","Malabo","8.70697","3.75353","68","null","null"
"585","Libreville","9.29454","0.411743","80","null","null"
"586","Bujumbura","29.2853","-3.37513","37","null","null"
"587","Addis Ababa","38.6381","8.96349","71","null","null"
"588","Ahero","34.9154","-0.175084","116","null","null"
"589","Kigali","30.0345","-1.95463","184","null","null"
"590","Janale","44.6874","1.80663","205","null","null"
"591","Jowhar","45.4905","2.77703","205","null","null"
"592","Khartoum","32.4325","15.5018","211","null","null"
"593","Juba","31.5071","4.86086","208","null","null"
"594","Dar es Salaam","39.1142","-6.76936","220","null","null"
"595","Mbarara","30.6193","-0.611435","232","null","null"
"596","Lubango","13.4585","-14.9105","7","null","null"
"597","Lilongwe","33.712","-13.9632","134","null","null"
"598","Cape Town","18.0956","-33.9124","206","null","null"
"599","Lusaka","28.2037","-15.4165","248","null","null"
"600","Harare","30.9168","-17.8163","249","null","null"
"601","Antananarivo","47.3724","-18.8873","133","null","null"
"602","Tehran","51.2097","35.697","105","null","null"
"603","Dhaka","90.2792","23.7809","19","null","null"
"604","Dhangadi","80.536","28.6956","156","null","null"
"605","Kanchanpur","80.0165","28.8479","156","null","null"
"606","Phnom Penh","104.75","11.5797","38","null","null"
"607","Vientiane","102.536","17.9606","122","null","null"
"608","Hanoi","105.802","21.0228","242","null","null"
"609","Tawi-Tawi","119.93","5.14714","175","null","null"
"611","Seti Zonal Hospital","80.5856","28.704","156","null","null"
"612","Port Moresby","147.142","-9.477","172","null","null"
"613","Chimbu","144.324","-6.33393","172","null","null"
"614","Honiara","159.938","-9.43503","204","null","null"
"615","Quibdo","-76.6673","5.69568","49","null","null"
"616","Mahakali Zonal Hospital","80.1841","28.9637","156","null","null"
"617","Tierralta","-76.0798","8.17161","49","null","null"
"618","Quito","-78.5706","-0.18625","65","null","null"
"619","East New Britain","150.426","-5.09","172","null","null"
"620","Eastern Highlands","145.007","-6.50363","172","null","null"
"621","Caracas","-67.0305","10.4687","241","null","null"
"622","Enga","142.936","-5.48532","172","null","null"
"623","Gulf","143.706","-7.6398","172","null","null"
"624","Madang","145.766","-5.22951","172","null","null"
"625","Manus","146.689","-2.10193","172","null","null"
"626","Morobe","145.807","-6.65246","172","null","null"
"627","New Ireland","151.93","-3.32982","172","null","null"
"628","Oro","147.1","-8.98553","172","null","null"
"629","West Sepik","140.931","-3.98402","172","null","null"
"630","Cayenne","-52.347","4.91971","77","null","null"
"631","Kourou","-52.6685","5.16534","77","null","null"
"632","Maripa-Soula","-54.0451","3.64768","77","null","null"
"633","Papaichton","-54.158","3.81439","77","null","null"
"634","Remire-Montjoly","-52.3162","4.88954","77","null","null"
"635","Saint Laurent du Maroni","-54.0573","5.48323","77","null","null"
"636","Saint-Georges","0.893019","44.4404","77","null","null"
"637","Bamako","-8.1356","12.6129","137","null","null"
"638","Korogwe","38.4404","-5.16156","220","null","null"
"639","Puducherry","79.7234","10.9182","103","null","null"
"640","Tripoli","13.1913","32.8872","127","null","null"
"641","Adis Ababa","38.6381","8.96349","71","null","null"
"642","Nairobi","36.7073","-1.30446","116","null","null"
"643","Dodoma","35.7239","-6.16849","220","null","null"
"644","Abuja","7.25427","9.05465","162","null","null"
"645","Quagadougou","-1.60688","12.3587","36","null","null"
"646","Nachingwea","38.6591","-10.3543","220","null","null"
"647","Rufiji","38.0813","-7.98074","220","null","null"
"648","Sennar","33.0615","13.6251","211","null","null"
"649","Kosti","32.6373","13.1387","211","null","null"
"650","Oyem","11.5593","1.59513","80","null","null"
"651","Hormozgan","53.7072","27.1911","105","null","null"
"652","Takhar","68.7163","36.7005","1","null","null"
"653","Faryab","63.7371","36.2037","1","null","null"
"654","Chikwawa","34.7626","-16.0311","134","null","null"
"655","Thyolo","35.1327","-16.0703","134","null","null"
"656","Grande Comore, Comores","43.0929","-11.651","50","null","null"
"657","Thiès","14.7535","14.7535","196","null","Thiès"
"658","Andhra  Pradesh","78.526","15.8704","103","null","null"
"659","Delhi","76.8131","28.6473","103","null","null"
"660","Rourkela","84.7541","22.2134","103","null","null"
"661","Jagdalpur","81.9413","19.0823","103","null","null"
"662","Bishama Katek","83.4922","19.5072","103","null","null"
"663","Raipur","81.549","21.2621","103","null","null"
"664","Ranchi","85.1812","23.3435","103","null","null"
"665","Nchelenge","28.7285","-9.35348","248","null","null"
"668","Kericho","35.2877","-0.367868","116","null","null"
"669","Malindi","40.1229","-3.22174","116","null","null"
"670","Arunal Pradesh, Tripura, Mizoram","91.7316","23.8832","103","null","null"
"671","Mansa","28.893","-11.1806","248","null","null"
"672","Cox's Bazar","91.9329","21.4509","19","null","null"
"673","Srisaket","103.844","14.9559","221","null","null"
"674","Mandalay","96.0058","21.9405","153","null","null"
"675","Bago","94.8498","18.1964","153","null","null"
"676","Kayin","97.9593","16.9459","153","null","null"
"677","Champasak Province","105.97","14.6579","122","null","null"
"678","Ubon Ratchathani","104.847","15.2448","221","null","null"
"679","Thabeikkyin","95.974","22.8839","153","null","null"
"680","Bastar","81.9535","19.1071","103","null","null"
"681","Anuppur","81.6946","23.1137","103","null","null"
"682","Jhabua","74.5921","22.7697","103","null","null"
"684","Jaldega","84.8057","22.5683","103","null","null"
"685","Kyeikdon","98.3886","16.0055","153","null","null"
"686","Ninh Thuan","108.332","11.7378","242","null","null"
"687","Gia Lai","107.83","13.9622","242","null","null"
"688","Benguela","13.4165","-12.5905","7","null","null"
"689","Zaire","14.2343","-6.2649","7","null","null"
"690","Sabah","116.224","5.34159","135","null","null"
"692","Mlandizi, Kibaha","38.9731","-6.78241","220","null","null"
"693","Sekong","107.007","15.5767","122","null","null"
"694","Pyin oo Lwin","96.4717","22.0392","153","null","null"
"695","Thabeikkyin","95.9753","22.8862","153","null","null"
"696","Pyay","95.258","18.8406","153","null","null"
"697","Phusing","104.138","14.5488","221","null","null"
"699","Thiès","14.7896","14.7896","196","null","Thiès"
"700","Bahir Dar","37.3794","11.582","71","null","null"
"702","Muse","97.9059","26.9963","153","null","null"
"703","Tamu","94.3099","24.2191","153","null","null"
"704","Tabeikkyin","95.9757","22.8883","153","null","null"
"705","Keonjhar","85.611","21.6712","103","null","null"
"706","Ranchi","85.296","23.3275","103","null","null"
"707","Shwegyin","96.8807","17.9293","153","null","null"
"708","Gulu","32.2881","2.7724","232","null","null"
"710","Phyu","96.437","18.4816","153","null","null"
"711","West Garo Hills","90.0914","25.6254","103","null","null"
"712","Dhamar","44.3995","14.5426","247","null","null"
"713","Kota Marudu","116.884","6.5486","135","null","null"
"715","Kalabakan","117.493","4.41206","135","null","null"
"716","Koutiala","-5.4625","12.382","137","null","null"
"717","Ruhuha","30.0592","-2.31204","184","null","null"
"718","Mubuga","29.3133","-2.1346","184","null","null"
"719","Djibouti","43.1382","11.5621","62","null","null"
"720","Nimba county","-8.7674","6.74875","126","null","null"
"721","Lastourville","12.7391","-0.815042","80","null","null"
"722","Fougamou","10.5868","-1.22002","80","null","null"
"723","Koula-Moutou","12.4647","-1.14383","80","null","null"
"724","Mitsoudje, Mitasoumiouli","43.4584","-11.9192","50","null","null"
"725","Ad Dahi","43.073","15.2152","247","null","null"
"726","Bajil","43.2873","15.0581","247","null","null"
"727","Khamis Bani Saad","43.4859","15.1212","247","null","null"
"728","","1.87725","6.4154","24","null","null"
"729","Mawzaah","43.5005","13.2612","247","null","null"
"730","Puducherry, Odisha","79.8049","11.9141","103","null","null"
"731","Jeremie","-74.1156","18.6415","96","null","null"
"732","Les Cayes","-73.7483","18.197","96","null","null"
"733","Miragoane","-73.0857","18.442","96","null","null"
"734","Deschappelles","-72.4888","19.0817","96","null","null"
"735","Fort-Liberte","-71.8361","19.6631","96","null","null"
"736","Port-de-Paix","-72.8293","19.9402","96","null","null"
"737","Kalabakan, Sabah","117.493","4.41169","135","null","null"
"738","Cruzeiro do Sul","-72.6758","-7.62164","32","null","null"
"741","Lazan","97.5822","24.7523","46","null","null"
"742","Tengchong","97.9977","24.6176","46","null","null"
"743","Dehong","98.5929","24.4473","46","null","null"
"744","Dongfang","108.667","19.0999","46","null","null"
"745","Ledong","109.186","18.7539","46","null","null"
"746","Sanya","109.506","18.2652","46","null","null"
"747","Port Blair","92.7222","11.6387","103","null","null"
"748","Teressa","93.1262","8.25374","103","null","null"
"749","Campbell Bay","93.9058","7.00595","103","null","null"
"750","Nachingwea, Lindi Rural, Ruangwa, Tandahimba and Newala Districts","38.7604","-10.3573","220","null","null"
"751","Amapa","-52.1296","1.39119","32","null","null"
"752","Ariquemes, Rondonia","-63.01","-9.96841","32","null","null"
"753","Lungwena","35.3855","-14.2228","134","null","null"
"754","Victoria Island","3.42666","6.43374","162","null","null"
"755","Mukono","32.7499","0.357551","232","null","null"
"756","Liwonde","35.2255","-15.0622","134","null","null"
"757","Liwonde, Blantyre, Madziabango, Mpemba","35.2255","-15.0622","134","null","null"
"759","Nong Distric, Savannakhet","106.316","16.9247","122","null","null"
"760","Wang-Pha, Tak","98.5414","16.8372","221","null","null"
"761","Srisaket","104.322","15.1186","221","null","null"
"762","Shwe Kyin","96.8825","17.9285","153","null","null"
"763","Myitkyinar","97.3841","25.3946","153","null","null"
"764","Kayin","98.3112","15.5566","153","null","null"
"765","Kayin.","98.0","15.5566","221","null","null"
"766","Stueng Traeng","105.97","13.5765","38","null","null"
"767","Ratanakiri","107.101","13.8577","38","null","null"
"768","Maiduguri","13.1532","11.8226","162","null","null"
"769","Enugu","7.53082","6.46703","162","null","null"
"770","Arunachal Pradesh","94.1731","28.1934","103","null","null"
"771","Tripura","91.7435","23.7766","103","null","null"
"772","Chikwawa, Zomba","34.8267","-16.0191","134","null","null"
"773","Shan state","98.2381","21.7386","153","null","null"
"774","Bata","9.77049","1.86165","68","null","null"
"775","Bondi, Baytonwee, Bonah, Kinon","-8.6135","7.6866","126","null","null"
"776","Bertoua","13.683","4.581","39","null","null"
"777","Manado","124.843","1.48314","104","null","null"
"778","Bitung","125.138","1.44084","104","null","null"
"779","Ayoun el Atrous","-9.62316","16.6587","141","null","null"
"780","Kobenni","-9.41323","15.8175","141","null","null"
"781","Tintane","-10.1636","16.3915","141","null","null"
"782","Amapa, Rondonia, Mato Grosso","-54.9504","-13.1832","32","null","null"
"783","Manhica","32.8031","-25.4033","152","null","null"
"784","Karagwe","30.998","-1.44012","220","null","null"
"785","Musoma","33.8052","-1.51182","220","null","null"
"786","Tarime","34.3741","-1.34337","220","null","null"
"787","Geita","32.2318","-2.88624","220","null","null"
"788","Sengerema","32.606","-2.63143","220","null","null"
"789","Lindi","39.6969","-9.98606","220","null","null"
"790","Songea","35.6434","-10.6649","220","null","null"
"791","Namtumbo","36.1332","-10.4648","220","null","null"
"792","Kabale","29.9856","-1.24196","232","null","null"
"793","Bure","37.0669","10.7061","71","null","null"
"794","Kita","-9.4895","13.0341","137","null","null"
"795","Bafoulabe","-10.8346","13.8093","137","null","null"
"796","Halaba","38.19","7.49333","71","null","null"
"797","Mankush","35.5658","10.7803","71","null","null"
"798","Metahara","39.917","8.89949","71","null","null"
"799","Shewa Robit","39.8965","9.99325","71","null","null"
"800","Bosaso","49.1844","11.28","205","null","null"
"801","Kihurura","30.4146","0.422401","232","null","null"
"802","Lunda Sul","20.4761","-9.74041","7","null","null"
"803","Bolenge","18.2229","0.002214","52","null","null"
"804","Mweka","21.5588","-4.85312","52","null","null"
"805","Kapolowe","26.9522","-10.9424","52","null","null"
"806","Luzizila","15.2385","-4.34714","52","null","null"
"807","Butembo","29.3018","0.114047","52","null","null"
"808","Punia","26.4518","-1.46372","52","null","null"
"809","Ninh Thuan","108.736","11.5147","242","null","null"
"810","BGM, Binh Phuoc","107.1","12.09","242","null","null"
"811","Phuoc Ha, Thuan Nam, Ninh Thuan","108.736","11.5147","242","null","null"
"812","VQG, BGM, Binh Phuoc","107.24","12.11","242","null","null"
"813","D, Binh Phuoc","107.06","12.04","242","null","null"
"814","DakLak Provincial MCC, Dak Lak","108.04","12.6724","242","null","null"
"815","Ea Le HC, Dak Lak","107.884","13.0707","242","null","null"
"816","Cu Kbang HC, Dak Lak","107.901","13.1699","242","null","null"
"817","Cu Knia HC, Dak Nong","107.799","12.5943","242","null","null"
"818","Dak Drong HC, Dak Nong","107.808","12.6323","242","null","null"
"819","Son Thai HC, Khanh Hoa","108.811","12.2523","242","null","null"
"820","Ma Noi HC, Ninh Thuan","108.694","11.6572","242","null","null"
"821","Phuoc Chien HC, Ninh Thuan","109.053","11.8286","242","null","null"
"822","Phuoc Thang HC, Ninh Thuan","108.981","11.861","242","null","null"
"823","Gia Lai Provincial MCC, Gia Lai","107.996","13.9819","242","null","null"
"824","Dak Pling HC, Gia Lai","108.779","13.6528","242","null","null"
"825","So Ro HC, Gia Lai","108.576","13.7018","242","null","null"
"826","Khong DH, Khong, Champasak","105.853","14.1177","122","null","null"
"827","Phonsa arth HC, Khong, Champasak","105.917","14.2925","122","null","null"
"828","Mounlapamok DH, Mounlapamok, Champasak","105.854","14.3675","122","null","null"
"829","Nong nga HC, Mounlapamok, Champasak","105.512","14.3709","122","null","null"
"830","Nafang HC, Khong, Champasak","105.867","14.4833","122","null","null"
"831","Nadee HC, Mounlapamok, Champasak","105.684","14.5904","122","null","null"
"832","Sanamxay DH, Sanamxay, Attapeu","106.582","14.68","122","null","null"
"833","Phouhome HC, Phouvong, Attapeu","106.801","14.6854","122","null","null"
"834","Palai HC, Pathoumphone, Champasak","106.136","14.7012","122","null","null"
"835","Palai HC, Pathoumphone, Champasak","106.136","14.7012","122","null","null"
"836","Phapho HC, Pathoumphone, Champasak","106.086","14.7312","122","null","null"
"837","Somsouk HC, Sanamxay, Attapeu","106.67","14.7418","122","null","null"
"838","Phouvong DH, Phouvong, Attapeu","106.955","14.7489","122","null","null"
"839","Sanod HC, Pathoumphone, Champasak","105.931","14.7878","122","null","null"
"840","Pathoumphone DH, Pathoumphone, Champasak","105.948","14.8411","122","null","null"
"841","Keng Yai HC, Xaysetha, Attapeu","106.837","15.0614","122","null","null"
"842","Paksong DH, Paksong, Champasak","106.234","15.1774","122","null","null"
"843","Thateng DH, Thateng, Sekong","106.38","15.4286","122","null","null"
"844","Tabeng HC, Toomlarn, Salavan","106.041","15.5723","122","null","null"
"845","Vapy DH, Vapy, Salavan","106.069","15.6886","122","null","null"
"846","Salavan PH, Salavan, Salavan","106.424","15.7205","122","null","null"
"847","Toomlarn DH, Toomlarn, Salavan","106.194","15.9926","122","null","null"
"848","Thapanthong DH, Thapanthong, Savannakhet","105.745","15.9936","122","null","null"
"849","Xekeu HC, Thapanthong, Savannakhet","106.054","16.0433","122","null","null"
"850","Ta Oy DH, Ta Oy, Salavan","106.621","16.0777","122","null","null"
"851","Phoutang HC, Ta Oy, Salavan","106.706","16.2676","122","null","null"
"852","Nong DH, Nong, Savannakhet","106.497","16.3773","122","null","null"
"853","Dongnasan HC, Nong, Savannakhet","106.614","16.4448","122","null","null"
"854","Nakong HC, Nong, Savannakhet","106.487","16.4983","122","null","null"
"855","Nakong HC, Nong, Savannakhet","106.487","16.4983","122","null","null"
"856","Phine DH, Phine, Savannakhet","106.022","16.5343","122","null","null"
"857","Savannakhet PH, Savannakhet, Savannakhet","104.747","16.5506","122","null","null"
"858","Nathong HC, Phine, Savannakhet","105.785","16.6092","122","null","null"
"859","Sepone DH, Sepone, Savannakhet","106.207","16.7003","122","null","null"
"860","Nachantai HC, Phalanxay, Savannakhet","105.467","16.8359","122","null","null"
"861","Chang Wat Mae Hong Son, Amphoe Mae Sariang","97.6299","18.0331","221","null","null"
"862","Chang Wat Tak, Amphoe Mae Ramat","98.405","16.926","221","null","null"
"863","Mae Tao, Mae Sot","98.5345","16.7191","221","null","null"
"864","Tak, Amphoe Tha Song Yang","98.0726","17.2612","221","null","null"
"865","Tak, Amphoe Umphang","98.5517","15.8004","221","null","null"
"866","Kayin State, Hpa-An","97.6106","17.7286","153","null","null"
"867","Kayin State, Kawkareik","98.2443","16.4997","153","null","null"
"868","Sanod HC, Pathounphone, Champasak","105.941","14.7878","122","null","null"
"869","San","-4.89875","13.2944","137","null","null"
"870","Paramaribou","-55.2038","5.85204","212","null","null"
"871","Narino, Cordoba, Guaviare","-77.3579","1.28915","49","null","null"
"872","Panama City","-79.5199","8.98238","171","null","null"
"873","Kuna Yala","-78.1926","9.23444","171","null","null"
"874","Darien","-77.8367","7.86817","171","null","null"
"875","Buenaventura","-77.0197","3.88305","49","null","null"
"876","Karamoja","34.1532","2.83087","232","null","null"
"877","Makindye","32.5853","0.278169","232","null","null"
"878","Calabar","8.3417","4.97572","162","null","null"
"879","Montepuez","38.9981","-13.134","152","null","null"
"880","Chokwe","32.9832","-24.5323","152","null","null"
"881","Terre Noire","-72.7356","19.0392","96","null","null"
"882","Chabin","-72.584","18.2998","96","null","null"
"883","Hinche","-72.0142","19.1412","96","null","null"
"884","North Cap Haitian","-72.2068","19.737","96","null","null"
"885","Nippes","-73.418","18.3991","96","null","null"
"886","Leogane","-72.624","18.5128","96","null","null"
"887","Jacmel","-72.5264","18.243","96","null","null"
"888","Sandan, Kampong","105.313","13.1693","38","null","null"
"889","Stung Treng","106.06","13.9052","38","null","null"
"890","null","21.7587","-4.03833","52","null","null"
"891","Anjouan","44.4371","-12.2138","50","null","null"
"892","Moheli","43.7334","-12.3377","50","null","null"
"893","Mayotte","45.1662","-12.8275","50","null","null"
"894","Trat","102.517","12.2428","221","null","null"
"895","Prachuab Khirikhan","99.7958","11.7938","221","null","null"
"896","Chanthaburi","102.104","12.6112","221","null","null"
"897","Phang Nga","98.5255","8.45014","221","null","null"
"898","Homemalin","94.9299","24.8883","153","null","null"
"899","Hpruso","97.1438","19.4241","153","null","null"
"900","Khammouanne","105.219","17.6384","122","null","null"
"901","Guadalcanal Island","160.146","-9.57733","204","null","null"
"902","Acre","-70.812","-9.0238","32","null","null"
"903","Algiers","3.05876","36.7538","4","null","null"
"904","Sotuba","-7.91435","12.6632","137","null","null"
"905","Sisaket","104.322","15.1186","221","null","null"
"906","Yala","101.28","6.5411","221","null","null"
"907","Ratchaburi","99.8134","13.5283","221","null","null"
"908","Montepuez","38.9981","-13.134","152","null","null"
"909","Moatize","33.7238","-16.1171","152","null","null"
"910","Dondo","34.7409","-19.6115","152","null","null"
"911","Chokwe","32.9832","-24.5323","152","null","null"
"912","Hpa Pun","97.4408","18.0618","153","null","null"
"913","Choco","-76.826","5.2528","49","null","null"
"914","Narino","-77.3579","1.28915","49","null","null"
"915","Antioquia","-75.3412","7.19861","49","null","null"
"916","Cordoba","-75.5741","8.04929","49","null","null"
"917","Kravanh","103.769","12.3539","38","null","null"
"918","Magway","94.9455","20.1544","153","null","null"
"919","Myawaddy","98.5007","16.6843","153","null","null"
"920","Thanbyuzayat","97.7525","15.9597","153","null","null"
"921","Kawthaung","98.5529","9.99581","153","null","null"
"922","Maputo","32.6051","-25.892","152","null","null"
"923","Nagongera","34.0147","0.77578","232","null","null"
"924","Walukuba","33.2315","0.442926","232","null","null"
"925","Kihihi","29.7","-0.75","232","null","null"
"926","Lunglei, Mizoram","92.7655","22.8671","103","null","null"
"927","Gomati, Tripura","91.6372","23.5167","103","null","null"
"928","Chey Saen","105.36","13.5706","38","null","null"
"929","Djougou","1.66635","9.70809","24","null","null"
"930","Lome","1.23136","6.1725","223","null","null"
"931","Sokode","1.1449","8.97798","223","null","null"
"932","Niamtougou","1.11612","9.74375","223","null","null"
"933","Oddar Meanchey","103.636","14.1717","38","null","null"
"934","Kratie","106.029","12.4897","38","null","null"
"935","Kampot","104.164","10.5942","38","null","null"
"936","Kampong Som","103.523","10.6253","38","null","null"
"937","Thapangthong","105.775","16.1151","122","null","null"
"938","Mai Phosi","105.643","16.636","122","null","null"
"939","Bouttaphan","104.1","20.3254","122","null","null"
"940","Phouphanang","102.508","17.9837","122","null","null"
"941","Nalao","102.562","18.8786","122","null","null"
"942","Kengkhai","102.637","18.1502","122","null","null"
"943","Kaysone","104.771","16.5722","122","null","null"
"944","Lama","92.263","21.7937","19","null","null"
"945","Ramu","92.1008","21.4324","19","null","null"
"946","Durgapur","90.6749","25.1133","19","null","null"
"947","Haluaghat","90.356","25.1173","19","null","null"
"948","Matiranga","91.8733","23.0408","19","null","null"
"949","Rajasthali","92.2827","22.3893","19","null","null"
"950","Sreemangal","91.6955","24.301","19","null","null"
"951","Abidjan","-4.00826","5.35995","55","null","null"
"952","Brikama","-16.6409","13.2748","81","null","null"
"953","Hpa-An, Kayin","97.1504","18.3648","153","null","null"
"954","Hpa-An, Kayin","97.2195","17.8381","153","null","null"
"955","Hpa-An, Kayin","97.2256","18.6118","153","null","null"
"956","Hpa-An, Kayin","97.2269","17.7101","153","null","null"
"957","Hpa-An, Kayin","97.2477","17.9063","153","null","null"
"958","Hpa-An, Kayin","97.2658","18.1357","153","null","null"
"959","Hpa-An, Kayin","97.0","18.4594","153","null","null"
"960","Hpa-An, Kayin","97.284","17.9632","153","null","null"
"961","Hpa-An, Kayin","97.2876","17.6126","153","null","null"
"962","Hpa-An, Kayin","97.3333","17.8119","153","null","null"
"963","Hpa-An, Kayin","97.4113","17.917","153","null","null"
"964","Hpa-An, Kayin","97.4162","18.2791","153","null","null"
"965","Hpa-An, Kayin","97.4183","17.8197","153","null","null"
"966","Hpa-An, Kayin","97.466","18.1076","153","null","null"
"967","Hpa-An, Kayin","97.4675","18.0131","153","null","null"
"968","Hpa-An, Kayin","97.4725","17.7317","153","null","null"
"969","Hpa-An, Kayin","97.4948","17.9664","153","null","null"
"970","Hpa-An, Kayin","97.5307","17.592","153","null","null"
"971","Hpa-An, Kayin","97.5436","17.9064","153","null","null"
"972","Hpa-An, Kayin","97.5647","17.8226","153","null","null"
"973","Hpa-An, Kayin","97.6106","17.7286","153","null","null"
"974","Hpa-An, Kayin","97.6236","17.6524","153","null","null"
"975","Hpa-An, Kayin","97.6299","18.0331","153","null","null"
"976","Hpa-An, Kayin","97.6523","17.5794","153","null","null"
"977","Hpa-An, Kayin","97.7358","17.7211","153","null","null"
"978","Hpa-An, Kayin","97.7735","17.5597","153","null","null"
"979","Hpa-An, Kayin","97.8773","17.4953","153","null","null"
"980","Hpa-An, Kayin","97.0","17.4222","153","null","null"
"981","Kawkareik, Karen","98.5445","15.8682","153","null","null"
"982","Kayin State","97.2288","17.6012","153","null","null"
"983","Kayin State","97.3515","17.7131","153","null","null"
"984","Kayin State","97.5822","18.2329","153","null","null"
"985","Bhamo, Kachin","97.2033","24.2577","153","null","null"
"986","Hpasawng, Kayah","97.3069","18.8694","153","null","null"
"987","Kyaikmaraw, Mon","98.1216","16.0408","153","null","null"
"988","Maw Laik, Sagaing","94.4028","23.6475","153","null","null"
"989","Paletwa, Chin","92.8453","21.3032","153","null","null"
"990","Phaung Byin, Sagaing","94.8171","24.2655","153","null","null"
"991","Tamu, Sagaing","94.3103","24.2199","153","null","null"
"992","ThanDaungGyi, North Karen","96.6687","19.0689","153","null","null"
"993","Yae, Mon","97.8358","15.2533","153","null","null"
"994","Kalay, Sagaing","93.9885","23.1905","153","null","null"
"995","Kale, Sagaing","94.0236","23.1942","153","null","null"
"996","Kyarinn Seikgyi, Karen","98.1216","16.0408","153","null","null"
"997","METF-02, Kayin","97.2269","17.7101","153","null","null"
"998","METF-03, Kayin","97.2288","17.6012","153","null","null"
"999","METF-04, Kayin","97.2477","17.9063","153","null","null"
"1000","METF-05, Kayin","97.2658","18.1357","153","null","null"
"1001","METF-06, Kayin","97.284","17.9632","153","null","null"
"1002","METF-07, Kayin","97.2876","17.6126","153","null","null"
"1003","METF-08, Kayin","97.3333","17.8119","153","null","null"
"1004","METF-09, Kayin","97.3515","17.7131","153","null","null"
"1005","METF-10, Kayin","97.4113","17.917","153","null","null"
"1006","METF-11, Kayin","97.4162","18.2791","153","null","null"
"1007","METF-12, Kayin","97.4183","17.8197","153","null","null"
"1008","METF-13, Kayin","97.466","18.1076","153","null","null"
"1009","METF-14, Kayin","97.4675","18.0131","153","null","null"
"1010","METF-14, Kayin","97.4675","18.0131","153","null","null"
"1011","METF-15, Kayin","97.4678","18.1071","153","null","null"
"1012","METF-16, Kayin","97.4725","17.7317","153","null","null"
"1013","METF-17, Kayin","97.4948","17.9664","153","null","null"
"1014","METF-18, Kayin","97.5307","17.592","153","null","null"
"1015","METF-19, Kayin","97.5436","17.9064","153","null","null"
"1016","METF-20, Kayin","97.5645","17.4918","153","null","null"
"1017","METF-21, Kayin","97.5647","17.8226","153","null","null"
"1018","METF-23, Kayin","97.6106","17.7286","153","null","null"
"1019","METF-24, Kayin","97.6236","17.6524","153","null","null"
"1020","METF-25, Kayin","97.6323","17.4206","153","null","null"
"1021","METF-27, Kayin","97.7155","17.4344","153","null","null"
"1022","METF-30, Kayin","98.1499","16.4424","153","null","null"
"1023","METF-31, Kayin","98.249","16.4531","153","null","null"
"1024","METF-32, Kayin","98.435","16.6013","153","null","null"
"1025","METF-35, Kayin","98.5445","15.8682","153","null","null"
"1026","METF-36, Kayin","98.5517","15.8004","153","null","null"
"1027","METF-37, Kayin","97.6523","17.5794","153","null","null"
"1028","METF-39, Kayin","98.2443","16.4997","153","null","null"
"1029","METF-42, Kayin","98.2004","16.8127","153","null","null"
"1030","METF-43, Kayin","98.405","16.926","153","null","null"
"1031","METF-45, Kayin","97.8275","17.0226","153","null","null"
"1032","METF-46, Kayin","98.0726","17.2612","153","null","null"
"1033","METF-48, Kayin","97.27","17.6107","153","null","null"
"1034","METF-49, Kayin","97.2195","17.8381","153","null","null"
"1035","METF-50, Kayin","97.6299","18.0331","153","null","null"
"1036","METF-51, Kayin","97.3498","18.2332","153","null","null"
"1037","METF-53, Kayin","97.2256","18.6118","153","null","null"
"1038","METF-54, Kayin","97.0416","18.6134","153","null","null"
"1039","Komé","16.7001","8.46722","44","null","null"
"1040","Choco, Nariño, Antioquia, Córdoba","-64.1904","-31.4138","49","null","null"
"1041","Mae Tao Clinic, Mae Sot","98.5345","16.7191","221","null","null"
"1042","METF-26, Kayin","97.6986","17.5047","153","null","null"
"1043","Htee Maw Kel, Kawkareik","98.1313","15.6435","153","null","null"
"1044","Khaw Ra War Khee, Kayin State","97.9663","15.6096","153","null","null"
"1045","Khon Khar","98.0527","15.6452","153","null","null"
"1046","Kwee Nya Htee, Kawkareik","98.051","15.5733","153","null","null"
"1047","Kyat Chan, Kawkareik","98.1052","15.7452","153","null","null"
"1048","Kyauk Ta Kar, Kawkareik","97.9928","15.7688","153","null","null"
"1049","Lay Phoe","98.1253","15.5731","153","null","null"
"1050","Lon Si, Kawkareik","98.1167","15.5861","153","null","null"
"1051","Lower Hpar Yar, Kawkareik","97.9467","15.7906","153","null","null"
"1052","Me Ta Bwe, Kawkareik","98.2319","15.4829","153","null","null"
"1053","Mel Ze Li","98.1736","15.5089","153","null","null"
"1054","Met Ka War, Kawkareik","98.1317","15.6254","153","null","null"
"1055","Myaing Thar Yar, Kawkareik","98.1978","15.4836","153","null","null"
"1056","Pone Khaw, Kawkareik","98.2215","15.5346","153","null","null"
"1057","Pyaung Ma Htein,","98.2197","15.3074","153","null","null"
"1058","Sin Pyay, Kawkareik","98.0954","15.6045","153","null","null"
"1059","Taung Sun, Kawkareik","98.0926","15.6217","153","null","null"
"1060","Thit Ka Thel, Kawkareik","98.1972","15.4844","153","null","null"
"1061","Zee Pin","98.2833","15.4249","153","null","null"
"1062","Pakokku District","95.2477","21.622","153","null","null"
"1063","Gabi","8.08167","17.6078","161","null","null"
"1064","Lombok","116.324","-8.58135","104","null","null"
"1065","Nairobi","36.8525","-1.24794","116","null","null"
"1066","Antananarivo","47.5101","-18.875","133","null","null"
"1067","Blantyre","35.0181","-15.7593","134","null","null"
"1068","Lima","-77.0462","-12.0097","174","null","null"
"1069","Khartoum","32.5606","15.5283","211","null","null"
"1070","Sumatra","101.332","-0.05498","104","null","null"
"1071","Dodoma","35.7517","-6.16219","220","null","null"
"1072","Chennai","80.2707","13.0827","103","null","null"
"1073","Nadiad","72.8634","22.6916","103","null","null"
"1074","Hkamti, Sagaing","95.6639","25.9966","153","null","null"
"1075","Dhalai, Tripura","91.8498","23.9313","103","null","null"
"1076","Namibe","11.8511","-15.5941","7","null","null"
"1077","Bandim","-14.961","12.647","94","null","null"
"1078","Alikadam","92.3129","21.6516","19","null","null"
"1079","null","15.3166","-4.3166","52","null","null"
"1080","Doha","51.1839","25.3548","180","null","null"
"1081","Pailine","102.668","12.9093","38","null","null"
"1082","Papua","138.082","-4.2851","104","null","null"
"1083","Amhara","37.0669","10.7061","71","null","null"
"1084","Minna","6.5493","9.59031","162","null","null"
"1085","Minna","6.5493","9.59031","162","null","null"
"1086","Bo","-11.7383","7.96472","199","null","null"
"1087","Kenema","-11.1903","7.87687","199","null","null"
"1088","Makeni","-12.0442","8.88605","199","null","null"
"1089","Phine DH, Phine, Savannakhet","106.022","16.5343","122","null","null"
"1090","Nakapong HC, Phalanxay, Savannakhet","105.467","16.8359","122","null","null"
"1091","Pajudone HC, Ta Oy, Salavan","106.706","16.2676","122","null","null"
"1092","Khonsai HC, Vapy, Salavan","105.901","15.7105","122","null","null"
"1093","Samuoi DH, Samuoi, Salavan","106.807","16.4348","122","null","null"
"1094","Pakse PH, Pakse, Champasak","105.8","15.1186","122","null","null"
"1095","Pakpong HC, Paksong, Champasak","106.224","15.1451","122","null","null"
"1096","Huaykong HC, Paksong, Champasak","106.524","15.1246","122","null","null"
"1097","Sekong PH, Sekong, Sekong","106.732","15.3495","122","null","null"
"1098","Kaleum DH, Kaleum, Sekong","107.03","15.9949","122","null","null"
"1099","Attapeu PH, Attapeu, Attapeu","106.813","14.8203","122","null","null"
"1100","Xaysetha DH, Xaysetha, Attapeu","106.939","14.8205","122","null","null"
"1101","Sompoy HC, Sanamxay, Attapeu","106.468","14.5595","122","null","null"
"1102","Xanxay DH, Xanxay, Attapeu","107.404","14.9681","122","null","null"
"1103","Vapy DH, Vapy, Salavan","106.069","15.6886","122","null","null"
"1104","Komatipoort","31.9545","-25.4341","206","null","null"
"1105","Bekwai District","-1.57844","6.45587","84","null","null"
"1106","Bo","-11.7383","7.96472","199","null","null"
"1107","Kenema","-11.1957","7.86321","199","null","null"
"1108","Makeni","-12.0376","8.87197","199","null","null"
"1109","Anonkoua Kouté","-4.04742","5.43089","55","null","null"
"1110","Port Bouët","-3.8859","5.27725","55","null","null"
"1111","Ayamé","-3.15538","5.60318","55","null","null"
"1112","Hpa-An, Myanmar (Burma)","97.371","18.2605","153","null","null"
"1113","Kayin State (Burma)","98.2563","16.4983","153","null","null"
"1114","Swe Koke Ko","98.5356","16.8221","153","null","null"
"1115","Grand’Anse Department","-74.1611","18.5364","96","null","null"
"1116","Sud Department","-73.7746","18.2336","96","null","null"
"1117","Lopola, Ouesso, Thanry","16.0519","1.61241","51","null","null"
"1118","Kingasani","15.4107","-4.40679","52","null","null"
"1119","Binza Ozone","15.2333","-4.3494","52","null","null"
"1120","Kimpese","14.4351","-5.56277","52","null","null"
"1121","Kisantu","15.091","-5.13681","52","null","null"
"1122","Arua, Gulu, Mbale","30.91","3.03","232","null","null"
"1123","Ubon Ratchathani","104.856","15.2297","221","null","null"
"1124","Ubon Ratchathani","104.856","15.2297","221","null","null"
"1125","Eastern","107.201","12.4833","38","null","null"
"1126","Purulia, Bankura, Midnapore, Kolkata","86.3652","23.3321","103","null","null"
"1127","Bannu, Hangu, Peshawar, Thall","70.3667","32.7167","168","null","null"
"1128","Sui, Quetta, Deramurad Jamali, Zhob","69.1916","28.6406","168","null","null"
"1129","Khyber Agency","71.1762","34.0774","168","null","null"
"1130","Punjab","73.0132","33.5728","168","null","null"
"1131","Ngamiland","22.241","-19.9547","30","null","null"
"1132","Mangaluru","74.8561","12.9107","103","null","null"
"1133","Khanh Hoa","109.191","12.2494","242","null","null"
"1134","Ninh Thuan","109.003","11.5796","242","null","null"
"1135","Gia Lai","107.996","13.9819","242","null","null"
"1136","null","84.124","28.3949","156","null","null"
"1137","Kailali","80.8987","28.8314","156","null","null"
"1138","Mlimba","35.8167","-8.8","220","null","null"
"1139","Edo","5.62276","6.33068","162","null","null"
"1140","Kolle","-8.31791","12.1977","137","null","null"
"1141","Myawaddy, Kawkareik, Hlaingbwe, Hpapun","98.5007","16.6843","153","null","null"
"1142","Stung Treng","105.532","13.8487","38","null","null"
"1143","Stung Treng","105.532","13.8474","38","null","null"
"1144","Binh Phuoc","106.639","11.7993","242","null","null"
"1145","Mae La,Tha Song Yang, Tak","98.3746","17.1871","221","null","null"
"1146","Phop Phra, Tak","98.7225","16.3665","221","null","null"
"1147","Mae Charao, Mae Ramat, Tak","98.5384","16.8322","221","null","null"
"1148","Mae Sot, Tak","98.559","16.7077","221","null","null"
"1149","Khane Chue, Mae Ramat, Tak","98.4007","17.1135","221","null","null"
"1150","Khunhan, Si Sa Ket","104.26","14.5473","221","null","null"
"1151","Ann","94.0008","19.7672","153","null","null"
"1152","Tha Sai Luat, Mae Sot, Tak","98.5497","16.7064","221","null","null"
"1153","Phop Phra, Tak","98.6577","16.3732","221","null","null"
"1154","Kampala, Jinja","32.5811","0.313611","232","null","null"
"1155","Mae Hong Son","97.9657","19.2997","221","null","null"
"1156","Chiang Rai","99.8087","19.9218","221","null","null"
"1157","Kedougou Region","-12.174","12.5592","null","null","null"
"1158","Home Bay County","34.4592","-0.534974","116","null","null"
"1159","Ujiji","29.6745","-4.91155","220","null","null"
"1160","Phnom Penh","104.903","11.5579","38","null","null"
"1161","Naypyitaw","96.0785","19.7601","153","null","null"
"1162","Bangkok","100.518","13.7623","221","null","null"
"1163","West Arsi","39.0","7.0","71","null","null"
"1164","Begoro","-0.375209","6.38591","84","null","null"
"1165","Wa","-2.52147","10.0621","84","null","null"
"1166","WA","-2.52147","10.0621","84","null","null"
"1167","Wa","-2.52147","10.0621","84","null","null"
"1168","Cabinda","12.2018","-5.57617","7","null","null"
"1169","Kwanza Norte","14.8696","-8.91539","7","null","null"
"1170","Malanje","16.3349","-9.5463","7","null","null"
"1171","Huambo","15.7311","12.7777","7","null","null"
"1172","Nyanza","34.7458","-0.077254","116","null","null"
"1173","Western Kenya","34.8872","-0.114999","116","null","null"
"1174","Western Kenya","34.8872","-0.114999","116","null","null"
"1175","Salima","34.4563","13.7756","134","null","null"
"1176","Bankura","87.0624","23.1645","103","null","null"
"1177","P. MIdnapore","87.3811","22.408","206","null","null"
"1178","P. Midnapore","87.3811","22.408","103","null","null"
"1179","South 24 Parganas","88.4016","22.1352","103","null","null"
"1180","Alipurduar","89.5271","26.4919","103","null","null"
"1181","Jalpaiguri","88.7689","26.6835","103","null","null"
"1182","Lahj, Governorate","44.8833","13.05","247","null","null"
"1183","Vilabouly, Savannakhet","105.78","16.54","122","null","null"
"1184","Taoy, Salavan","106.35","15.87","122","null","null"
"1185","Toumlan, Salavan","106.35","15.87","122","null","null"
"1186","Lamarm, Sekong","106.65","15.7166","122","null","null"
"1187","Saysetha, Attapeu","106.833","14.8","122","null","null"
"1188","Bosaso","49.1879","11.2755","205","null","null"
"1189","Beluran","117.567","5.88333","135","null","null"
"1190","Kinabatangan","118.573","5.62614","135","null","null"
"1191","Kota Belud","116.433","6.35","135","null","null"
"1192","Kota Kinabalu","116.073","5.975","135","null","null"
"1193","Penampang","116.117","5.91667","135","null","null"
"1194","Pitas","117.067","6.71667","135","null","null"
"1195","Putatan","116.05","5.88333","135","null","null"
"1196","Ranau","116.683","5.96667","135","null","null"
"1197","Tuaran","116.233","6.18333","135","null","null"
"1198","Navrongo, Wa, Yendi","-1.09028","10.8847","84","null","null"
"1199","Begoro, Bekwai, Hohoe, Sunyani, Tarkwa","0.3795","6.3916","84","null","null"
"1200","Prachuapkhirikhan","99.798","11.8114","221","null","null"
"1201","Songkla","100.614","7.1756","221","null","null"
"1202","DakLak Province","108.04","12.6724","242","null","null"
"1203","Dak Nong","107.7","11.9875","242","null","null"
"1204","Kon Tum Province","107.998","14.3558","242","null","null"
"1205","Gia Lai Province","107.996","13.9819","242","null","null"
"1206","Kumbungu District","-0.946474","9.55771","84","null","null"
"1207","Pagaza","-0.947762","9.56152","84","null","null"
"1208","Duase","-1.56448","6.75162","84","null","null"
"1209","Mewat","77.0564","28.0107","103","null","null"
"1210","Ada","0.60373","5.78287","84","null","null"
"1211","Dodowa","-0.102998","5.88169","84","null","null"
"1212","Gezira","33.083","14.4342","211","null","null"
"1213","Anlong Veng","104.083","14.2333","38","null","null"
"1214","South Darfur","24.6278","10.658","211","null","null"
"1215","Upper Nile","32.4873","10.1241","208","null","null"
"1216","null","33.7","-13.95","134","null","null"
"1217","","33.7","-13.95","134","null","null"
"1218","","33.7","-13.95","134","null","null"
"1219","","38.75","9.01667","71","null","null"
"1220","","32.0","1.0","232","null","null"
"1221","","32.0","1.0","232","null","null"
"1222","Banmauk","95.8536","24.4001","153","null","null"
"1223","Douala","9.76464","4.05885","39","null","null"
"1224","Agago","33.3306","2.98472","232","null","null"
"1225","Amolatar","32.8333","1.63333","232","null","null"
"1226","Kole","32.8011","2.42861","232","null","null"
"1227","Lamwo","32.8","3.53333","232","null","null"
"1228","Basse","-14.2167","13.3167","81","null","null"
"1229","San","-4.9","13.3","137","null","null"
"1230","Ziniare","-1.3","12.5833","36","null","null"
"1231","Bas-Congo","13.4833","-5.81667","52","null","null"
"1232","Bandundu","17.379","-3.31681","52","null","null"
"1233","Palmeira","32.8711","-25.2684","152","null","null"
"1234","Machinga","35.3","-15.1685","134","null","null"
"1235","Marigat","35.98","0.47","116","null","null"
"1236","Accra, Cape Coast","-0.2","5.55","84","null","null"
"1237","Rio Branco","-67.81","-9.97472","32","null","null"
"1238","Belem","-48.5039","-1.45583","32","null","null"
"1239","Anaja","-49.94","-0.986944","32","null","null"
"1240","Macapa","-51.0664","0.033889","32","null","null"
"1241","Oiapoque","-51.835","3.84278","32","null","null"
"1242","Dangassa","-8.20697","12.1509","137","null","null"
"1243","Carchi","-78.05","0.45","65","null","null"
"1244","Nioro-du-Sahel","-9.58389","15.2247","137","null","null"
"1245","Sucumbios","-76.8833","-0.083333","65","null","null"
"1246","Boa Vista","-60.672","2.82","32","null","null"
"1247","Pacaraima","-61.1461","4.43111","32","null","null"
"1248","Rorainapolis","-60.4178","0.945833","32","null","null"
"1249","Boa Vista, Pacaraima, Rorainapolis","-60.672","2.82","32","null","null"
"1250","REPUBLIC OF SOUTH AFRICA","null","null","206","null","null"
"1251","Baraka","29.515","4.527","52","null","null"
"1252","Republic of Niger","null","null","161","null","null"
"1253","Kimbi","23.1669","-1.17292","52","null","null"
"1254","Walikale","28.326","1.2456","52","null","null"
"1255","null","29.2","1.7","null","null","null"
"1256","Mweso","29.034","-1.11401","52","null","null"
"1257","Ajeromi Ifelodu","3.33009","6.4556","162","null","null"
"1258","Alimosho","3.26061","6.57651","162","null","null"
"1259","Amuwo Odofin","3.26737","6.46149","162","null","null"
"1260","Epe","3.97062","6.58631","162","null","null"
"1261","Ibeju Lekki","3.84625","6.47382","162","null","null"
"1262","Henan","113.5","33.9","46","null","null"
"1263","Ikorodu","3.50493","6.6307","162","null","null"
"1264","Kosofe","3.38436","6.57676","162","null","null"
"1265","Shomolu","3.33845","6.54083","162","null","null"
"1266","Lagos island","null","null","162","null","null"
"1267","Apapa","null","null","162","null","null"
"1268","Bougainville","155.0","-6.0","172","null","null"
"1269","Damazin","34.35","11.7667","211","null","null"
"1270","Nyando, Kisumu County","34.9179","-0.187925","116","null","null"
"1271","Kachin","97.5","26.0","153","null","null"
"1272","Rahkine","94.0","19.5","153","null","null"
"1273","Tanna","169.333","-19.5","240","null","null"
"1274","Agordat, Barentu","39.0","15.0","69","null","null"
"1275","Kedougou Region","-12.1782","12.5659","196","null","null"
"1276","null","38.0","8.0","71","null","null"
"1277","null","49.0","10.0","205","null","null"
"1278","null","32.0","1.0","232","null","null"
"1279","null","32.0","1.0","232","null","null"
"1280","null","32.0","1.0","232","null","null"
"1281","null","32.0","15.0","211","null","null"
"1282","null","34.0","-13.5","134","null","null"
"1283","null","38.0","8.0","71","null","null"
"1284","null","29.8739","-1.94028","184","null","null"
"1285","null","32.0","1.0","232","null","null"
"1286","null","32.0","15.0","211","null","null"
"1287","null","34.0","-13.5","134","null","null"
"1288","null","38.0","8.0","71","null","null"
"1289","null","32.0","1.0","232","null","null"
"1290","null","32.0","15.0","211","null","null"
"1291","null","34.0","-13.5","134","null","null"
"1292","Koh Gnek","107.04","13.0774","38","null","null"
"1293","Veun Sai","106.799","14.2592","38","null","null"
"1294","Mpumalanga","30.6367","-29.8032","206","null","null"
"1295","Capotille","-71.6934","19.4477","96","null","null"
"1296","Cazale","-72.385","18.7984","96","null","null"
"1297","Sud-Est Department","-72.5716","18.2678","96","null","null"
"1298","Pignon","-72.1155","19.3369","96","null","null"
"1299","Roseaux","-74.0197","18.6005","96","null","null"
"1300","Thomonde","-71.9534","18.9999","96","null","null"
"1301","null","-78.4772","-0.157068","65","null","null"
"1302","Phusing, Khun Han","104.146","14.4807","221","null","null"
"1303","Pursat, Pailin","103.917","12.5333","38","null","null"
"1304","Hoima","31.3556","1.42975","232","null","null"
"1305","Kaabong","34.1321","3.51472","232","null","null"
"1306","Kapchorwa","34.4492","1.39583","232","null","null"
"1307","Kasese","30.0867","0.172391","232","null","null"
"1308","Katakwi","33.9602","1.91601","232","null","null"
"1309","Koboko","30.9614","3.41397","232","null","null"
"1310","Batubara","99.4401","3.31028","104","null","null"
"1311","Langkat","98.1464","3.86958","104","null","null"
"1312","Tanintharyi","98.765","13.0176","153","null","null"
"1313","Zanzibar","39.3933","-6.10809","220","null","null"
"1314","Magude","32.6365","-25.0247","152","null","null"
"1315","Ga West Municipality","0.3","5.7025","84","null","null"
"1316","Kabondo","25.2202","0.515363","52","null","null"
"1317","Mikalayi","22.3177","-6.02425","52","null","null"
"1318","Rutshuru","29.4461","-1.1855","52","null","null"
"1319","Masaka","30.2121","-1.99169","184","null","null"
"1320","Rukara","30.5042","-1.80002","184","null","null"
"1321","Bugarama","29.0111","-2.69748","184","null","null"
"1322","Aduku","32.7205","2.01838","232","null","null"
"1323","Masafu","34.0344","0.41291","232","null","null"
"1324","Fungurume","26.325","-10.6152","52","null","null"
"1325","Kalima","26.6185","-2.56638","52","null","null"
"1326","Kamina","25.0033","-8.73439","52","null","null"
"1327","Karawa","20.2963","3.32167","52","null","null"
"1328","Katana","28.8314","-2.22502","52","null","null"
"1329","Kisangani","25.1875","0.512155","52","null","null"
"1330","Lubumbashi","27.4775","-11.6689","52","null","null"
"1331","Vanga","18.4202","-4.42545","52","null","null"
"1332","Ilemela","31.6326","-1.93493","220","null","null"
"1333","Chato","31.7685","-2.63896","220","null","null"
"1334","Buhigwe","29.8913","-4.49724","220","null","null"
"1335","Kigoma","29.662","-4.88376","220","null","null"
"1336","Uvinza","30.3801","-5.09539","220","null","null"
"1337","Kyela","33.9446","-9.55629","220","null","null"
"1338","Nyasa","38.3403","-4.84273","220","null","null"
"1339","Tunduru","37.3392","-11.0468","220","null","null"
"1340","Nynyumbu","38.4999","-11.1335","220","null","null"
"1341","Bounkiling","-15.6983","13.0391","196","null","null"
"1342","Barima-Waini","-59.6976","7.62189","95","null","null"
"1343","Pomeroon-Supenam","-58.7888","7.18261","95","null","null"
"1344","Essequibo Islands-West Demerara","-58.377","6.71478","95","null","null"
"1345","Cuyuni-Mazaruni","-60.0382","6.38798","95","null","null"
"1346","Potaro-Suparuni","-59.3851","5.03303","95","null","null"
"1347","Upper Demerara-Berbice","-58.3343","5.36771","95","null","null"
"1348","Upper Takutu-Upper Essequibo","-59.0526","3.02162","95","null","null"
"1349","Labé","-12.2879","11.3186","93","null","null"
"1350","Maferinyah","-13.2952","9.55553","93","null","null"
"1351","Hlaingbwe, Kayin","98.0336","17.4558","153","null","null"
"1352","Hpapun, Kayin","97.3695","18.2663","153","null","null"
"1353","Kyainseikgyi, Kayin","98.4775","15.8234","153","null","null"
"1354","Myawaddy, Kayin","98.5356","16.8221","153","null","null"
"1355","Kawkareik, Kayin","98.2275","16.4548","153","null","null"
"1356","Chhouk","104.457","10.8357","38","null","null"
"1357","Oral","104.007","11.8119","38","null","null"
"1358","Rovieng","105.079","13.408","38","null","null"
"1359","Tasanh","102.86","12.621","38","null","null"
"1360","Veal Veng, Pursat","103.919","12.5463","38","null","null"
"1361","Salavan Province","106.414","15.7166","122","null","null"
"1362","Xepon, Savannakhet","106.208","16.6961","122","null","null"
"1363","Wa State","98.1339","22.0362","153","null","null"
"1364","Sai Yok","98.8527","14.4758","221","null","null"
"1365","Suan Phueng","99.34","13.5433","221","null","null"
"1366","Bu Dang","107.148","11.7693","242","null","null"
"1367","Huong Hoa","106.676","16.6496","242","null","null"
"1368","Phu Thien","108.285","13.4589","242","null","null"
"1369","Tuy Duc","107.434","12.1576","242","null","null"
"1370","Site 2","965460.0","203260.0","153","null","null"
"1371","Sisaket, Surin","104.322","15.1186","221","null","null"
"1372","Chiang Dao","98.964","19.3613","221","null","null"
"1373","Milne Bay","149.784","-10.1521","172","null","null"
"1374","Massinga","35.3714","-23.3216","152","null","null"
"1375","Mopeia","35.711","-17.9789","152","null","null"
"1376","Ankazomborona","46.6843","-16.1008","133","null","null"
"1377","Matanga","47.5541","-23.5251","133","null","null"
"1378","Nnewi","6.91033","6.00971","162","null","null"
"1379","Rizal","117.504","8.81728","175","null","null"
"1380","Água Grande","6.73486","0.336358","194","null","null"
"1381","Keerom","140.64","-3.26078","172","null","null"
"1382","Bensonville","-10.62","6.44723","126","null","null"
"1383","Saclepea","-8.84029","6.96139","126","null","null"
"1384","Kakata","-10.3528","6.52959","126","null","null"
"1385","Sinje","-11.1363","6.81647","126","null","null"
"1386","Tororo. Masafu","34.1811","0.692778","232","null","null"
"1387","Simdega","84.496","22.6151","103","null","null"
"1388","Kanker","81.4927","20.2675","103","null","null"
"1389","Betul","77.896","21.9012","103","null","null"
"1390","Surat","72.8311","21.1702","103","null","null"
"1391","Vishakhapatnam","83.2185","17.6868","103","null","null"
"1392","Pratapgarh","74.7787","24.0317","103","null","null"
"1393","Gadchiroli","79.9948","20.1849","103","null","null"
"1394","Raurkela","84.8536","22.2604","103","null","null"
"1395","Pune","73.8567","18.5204","103","null","null"
"1396","Dibrugarh","94.912","27.4728","103","null","null"
"1397","Bambolim","73.8657","15.465","103","null","null"
"1398","Bhilai, Durg","81.3509","21.1938","103","null","null"
"1399","Bhubaneswar","85.8245","20.2961","103","null","null"
"1400","Trat, Srisaket","102.517","12.2428","221","null","null"
"1401","Kanchanaburi, Ranong","99.5328","14.0228","221","null","null"
"1402","Douala, Buea","9.76464","4.05885","39","null","null"
"1403","Adidome, Battor","0.501895","6.07275","84","null","null"
"1404","Ouelessebougou","-7.90835","11.9967","137","null","null"
"1405","Kisoro","29.6931","-1.28432","232","null","null"
"1406","Rosita","-84.4004","13.9235","160","null","null"
"1407","Waspán","-83.9715","14.7401","160","null","null"
"1408","Siuna","-84.7832","13.7381","160","null","null"
"1409","José Santos Guardiola","-86.32","16.4141","99","null","null"
"1410","Langue","-87.6556","13.622","99","null","null"
"1411","Ramón Villeda Morales","-83.4138","15.1148","99","null","null"
"1412","Bonanza","-84.5976","14.0328","160","null","null"
"1413","Puerto Cabezas","-83.3916","14.0358","160","null","null"
"1414","Dak Drong, Thuan An","107.808","12.6323","242","null","null"
"1415","null","38.6381","8.96349","71","null","null"
"1416","North Cachar Hills/Dima Hasao","93.005","25.44","103","null","null"
"1417","Chirang, Assam","90.6941","26.5365","103","null","null"
"1418","Golaghat, Assam","93.9647","26.5208","103","null","null"
"1419","Sivasagar, Assam","94.6394","26.985","103","null","null"
"1420","Tinsukia, Assam","95.3462","27.4935","103","null","null"
"1421","Jorhat, Assam","94.2042","26.741","103","null","null"
"1422","North Cachar Hills, Assam","92.8331","24.9849","103","null","null"
"1423","Balaghat and Anuppur, India","80.1838","21.8129","103","null","null"
"1424","Kaniguma, Orissa","83.061","20.1463","103","null","null"
"1425","Kerpai, Orissa","83.1843","19.4919","103","null","null"
"1426","Naung Cho","96.8023","22.3322","153","null","null"
"1427","Tha Beik Kyin","95.9778","22.886","153","null","null"
"1428","Binh Phuoc, Khanh Hoa","106.723","11.75","242","null","null"
"1429","Faladie","-8.3365","13.1372","137","null","null"
"1430","Kenieroba","-8.33048","12.1151","137","null","null"
"1431","Tororo, Mbale","34.1811","0.692778","232","null","null"
"1432","Masaka, Ruhuha","30.2121","-1.99169","184","null","null"
"1433","Balaghat","80.1878","21.815","103","null","null"
"1434","Gondia","80.2044","21.4557","103","null","null"
"1435","Koraput","82.7125","18.8101","103","null","null"
"1436","Praia","-23.5109","14.9431","41","null","null"
"1437","Saria","85.5616","21.4425","103","null","null"
"1438","Banigaon, Lanjigarh","83.3621","19.6961","103","null","null"
"1439","Similipadar","83.2081","19.8141","103","null","null"
"1440","Kandhamal","84.0423","20.1242","103","null","null"
"1441","Bonaigarh, Sanajala","84.9592","21.8243","103","null","null"
"1442","Uparginia, Baneigarh","85.0812","21.687","103","null","null"
"1443","Rugudidiha","85.2872","21.5285","103","null","null"
"1444","Bandhabhui","85.2196","21.5282","103","null","null"
"1445","Jalisuan, Barkot","85.0657","21.5994","103","null","null"
"1446","Patalamba","83.3591","19.5264","103","null","null"
"1447","Gartali, Kandsui, Parsali","83.422","19.1802","103","null","null"
"1448","Ganjam District","85.0485","19.3869","103","null","null"
"1449","Andrahal","82.3705","18.4751","103","null","null"
"1450","Malkangiri district","81.7005","18.2216","103","null","null"
"1451","Cuttack","85.8868","20.4743","103","null","null"
"1452","Khorda","85.658","20.1754","103","null","null"
"1453","Baliguda","83.9135","20.2","103","null","null"
"1454","Phulbani","84.2305","20.481","103","null","null"
"1455","Paikmal","84.4514","21.1769","103","null","null"
"1456","Dunguripali, Jharbandh","83.5489","21.0462","103","null","null"
"1457","Chittagong, Khagrachhari","91.9879","23.1082","19","null","null"
"1458","Chittagong, Chittagong","91.8103","22.3381","19","null","null"
"1459","Ratanakiri, Ban Lung","106.99","13.7375","38","null","null"
"1460","Battambang, Samlout","102.859","12.6256","38","null","null"
"1461","Sisakhet, Phu Sing","104.128","14.514","221","null","null"
"1462","West Bengal, Medinipur","87.3174","22.4366","103","null","null"
"1463","Tripura, Agartala","91.3108","23.8661","103","null","null"
"1464","Sisakhet, Khun Han","104.369","14.6342","221","null","null"
"1465","Rakhine, Ann","94.0356","19.7736","153","null","null"
"1466","Steung Treng, Sesan","106.103","13.5554","38","null","null"
"1467","Steung Treng, Siem Pang","106.39","14.1208","38","null","null"
"1468","Ratanakiri, Andoung Meas","107.294","13.8686","38","null","null"
"1469","Ratanakiri, Bar Kaev","107.217","13.6884","38","null","null"
"1470","Steung Treng, Thala Barivat","105.923","13.7876","38","null","null"
"1471","Ratanakiri, Ta Veaeng","107.111","14.0504","38","null","null"
"1472","Steung Treng, Siem Bouk","105.824","13.235","38","null","null"
"1473","Savannakhet, Thaphalanxay","105.961","16.7407","122","null","null"
"1474","Savannakhet, Vilabuly","105.961","16.7407","122","null","null"
"1475","Dak Lak, Ea Sup","107.785","13.1962","242","null","null"
"1476","Dak Nong, Cu Jut","107.803","12.7066","242","null","null"
"1477","Khanh Hoa, Khanh Vinh","108.921","12.2778","242","null","null"
"1478","Ninh Thuan, Ninh Son","108.745","11.7425","242","null","null"
"1479","Gia Lai, Kong Chro","108.565","13.7319","242","null","null"
"1480","Ninh Thuan, Bac Ai","108.768","11.9459","242","null","null"
"1481","Gia Lai, Krong Pa","108.62","13.3115","242","null","null"
"1482","Gia Lai, Ia Grai","107.713","14.0002","242","null","null"
"1483","Dak Lak, Ea Hleo","108.15","13.3562","242","null","null"
"1484","Dak Nong, Tuy Duc","107.335","12.0609","242","null","null"
"1485","Gia Lai, Duc Co","107.694","13.7701","242","null","null"
"1486","Dak Lak, Krong Nang","108.36","12.9419","242","null","null"
"1487","Dak Lak, Ea Kar","108.503","12.8401","242","null","null"
"1488","Dak Lak, Buon Don","107.682","12.9287","242","null","null"
"1489","Gia Lai, Ia Pa","108.553","13.5124","242","null","null"
"1490","Quang Tri, Dong Ha","107.101","16.796","242","null","null"
"1491","Dak Lak, Cu Mgar","108.063","12.9028","242","null","null"
"1492","Khanh Hoa, Cam Lam","109.093","12.0895","242","null","null"
"1493","Quang Tri, Huong Hoa","106.63","16.7491","242","null","null"
"1494","Quang Tri, Dakrong","106.937","16.5774","242","null","null"
"1495","Ubon Ratchathani, Buntharik","105.411","14.7567","221","null","null"
"1496","Ubon Ratchathani, Na Chaluai","105.25","14.5877","221","null","null"
"1497","Ubon Ratchathani, Nam Yuen","105.055","14.4438","221","null","null"
"1498","Sisakhet, Kantharalak","104.651","14.6019","221","null","null"
"1499","Binh Phuoc, Hon Quan","106.554","11.5758","242","null","null"
"1500","Binh Phuoc, Bu Dop","106.799","11.9836","242","null","null"
"1501","Binh Phuoc, Bu Gia Map","107.054","12.0392","242","null","null"
"1502","Ratanakiri, Veun Sai","106.816","14.1462","38","null","null"
"1503","Ninh Thuan, Thuan Bac","108.9","11.8374","242","null","null"
"1504","Elende","11.7167","3.46667","39","null","Centre"
"1505","Elende","11.5122","3.8718","39","null","Centre"
"1506","Elende","11.5122","3.8718","39","null","Centre"
"1507","Bern","7.44368","46.9479","216","null","Bern"
"1509","Sakaby, Hamdalaye","-1.52826","12.364","36","null","Bobo-Dioulasso"
"1510","Kolkata","88.3599","22.5753","103","null","null"
"1511","Kilifi","39.9076","-3.50814","116","null","Kilifi"
"1512","Manhiça Sede, IIha Josina and Magude ","-25.9714","-25.9714","152","null","Manhiça district and Magude District"
"1513","Moissala","17.7666","8.3395","44","null","Moissala"
"1514","Moissala","17.7666","8.3395","44","null","Moissala"
"1515","Moissala","17.7666","8.3395","44","null","Moissala"
"1516","Moissala","17.7666","8.3395","44","null","Moissala"
"1517","Moissala","17.7666","8.3395","44","null","Moissala"
"1518","Moissala","17.7666","8.3395","44","null","Moissala"
"1519","Moissala","17.7666","8.3395","44","null","Moissala"
"1520","Moissala","17.7666","8.3395","44","null","Moissala"
"1521","Moissala","17.7666","8.3395","44","null","Moissala"
"1522","Moissala","17.7666","8.3395","44","null","Moissala"
"1523","Moissala","17.7666","8.3395","44","null","Moissala"
"1524","Moissala","17.7666","8.3395","44","null","Moissala"
"1525","Moissala","17.7666","8.3395","44","null","Moissala"
"1526","Moissala","17.7666","8.3395","44","null","Moissala"
"1527","Moissala","17.7666","8.3395","44","null","Moissala"
"1528","Doneguebougou","-7.98534","12.8063","137","null","Koulikoro"
"1529","","31.808","3.25146","232","null","Adjumani"
"1530","Adjumani","3.37446","3.37446","232","null","Adjumani"
"1531","Bandafassi","-12.3106","12.5387","196","null","Bandafassi"
"1532","Ijede","3.59634","3.59634","162","null","Lagos"
"1539","Lekki and Ijede","3.36708","6.52613","162","null","Lagos"
"1541","Anie","1.19777","7.75615","223","null","Plateaux Region"
"1542","Mibellon","11.39","6.04","39","null","Adamawa Region"
"1543","Gounougou","13.3852","9.38589","39","null","North Region"
"1544","Elende, Mibellon, Gounougou","11.5122","3.8718","39","null","Centre, Adamawa Region, North Region"
"1545","Kouve","1.4193","6.65634","223","null","Maritime Region"
"1546","","-16.9335","14.7905","196","null","Thiès"
"1547","Boa Vista","-60.677","2.82091","32","null","Roraima"
"1548","Alto Alegre","-61.3113","2.99278","32","null","Roraima"
"1549","Mucajaí","-60.9192","2.44769","32","null","Roraima"
"1550","Itaituba","-55.993","-4.26285","32","null","Pará"
"1551","Caracaraí","-61.1275","1.82256","32","null","Roraima"
"1552","Tigray","38.5677","13.9548","71","null","null"
"1553","Bukangara","31.0241","-1.71925","220","null","Kagera"
"1554","Mlimba","35.8085","-8.78047","220","null","Kilombero"
"1555","Kibindu","37.8837","-5.93155","220","null","Bagamoyo"
"1556","Yombo","38.8479","-6.58464","220","null","Temeke"
"1557","Akure","7.25521","5.18248","162","null","Ondo"
"1558","Kitgum","32.8814","3.29676","232","null","Kitgum"
"1559","Ouagadougou","-1.5197","12.3714","36","null","Ouagadougou"
"1560","Ujiji","29.662","-4.88376","220","null","Kigoma"
"1561","","-58.1456","6.79428","95","null","null"
"1562","","-58.1456","6.79428","95","null","null"
"1563","Bungoma","34.5587","0.56946","116","null","Western Kenya"
"1564","","28.2888","-15.4141","248","null","Lusaka"
"1565","Diourbel","-16.2341","14.658","196","null","Diourbel"
"1566","Accra","-0.1974","5.5593","84","null","null"
"1567","","-0.1974","5.5593","84","null","null"
"1568","Ijede, Agura","3.5408","6.60957","162","null","Ikorodu"
"1569","Acholi","32.9136","3.14361","232","null","null"
"1570","West Nile","31.2","3.0","232","null","null"
"1571","Karamoja","34.1532","2.8309","232","null","null"
"1572","Lango","32.8899","2.2677","232","null","null"
"1573","Nanoro","-2.1913","12.6885","36","null","null"
"1574","Ilesa","4.7096","7.6103","162","null","null"
"1575","Busia County","34.2422","0.4347","116","null","null"
"1576","Kaolack","-16.0762","14.1608","196","null","Kaolack"
"1577","Kolda","-14.9422","12.9004","196","null","Kolda"
"1578","Djoumouna, Massissia, Mayanga, Ntoula","15.8277","-0.228","52","null","null"
"1579","","42.5903","11.8251","62","null","null"
