"id","group_name"
"1","pfmdr1 YYXXY"
"2","pfmdr1 NxxxD"
"3","pfcrt 72-76 CxxxK"
"4","pfcrt 72-76 CxxxT"
"5","pfmdr1 copy number >1"
"6","pfcrt 72-76 SxxxT"
"7","dhfr CxxxI"
"8","dhfr+dhps 51I-59R-108N-437G-540E"
"9","dhps 437G-540E"
"10","pfpm2 copy number >1"
"11","K13"
"12","dhfr A16-N51-59R-108N-I164"
"14","pfcrt+pfmdr1 72-76 SxxxT-NYD"
"15","pfcrt 72-76 CxxxT-93T-97H-145F-218I-343M-350C-353G-356T"
"16","dhfr 16-51-59-108-164"
"17","dhps 431-436-437-540-581-613"
"18","dhfr+dhps 16-51-59-108-164_ 431-436-437-540-581-613"
"19","dhfr 16-50-51-59-108-164"
"20","pfcrt 74-76"
"21","dhps 436-437"
